,NCT Number,Interventions,Phases
0,NCT02266147,['sd-101'],"['1', '2']"
1,NCT02055924,"['ibrutinib', 'immunochemotherapies']",['1']
2,NCT02395601,['cpi-1205'],['1']
3,NCT00162656,"['half cyclophosphamide', 'without copadm3', 'mini cyve', 'without 3 maintenance courses', 'lmb b', 'lmb c']",['3']
9,NCT02433795,"['bendamustine', 'rituximab']",['2']
19,NCT02060656,"['gemcitabine', 'methylprednisolone', 'rituximab', 'cisplatin', 'lenalidomide']",['2']
20,NCT01068392,"['oxaliplatin', 'prednisolone']",['2']
21,NCT02531308,"['metformin', 'rituximab', 'cyclophosphamide', 'doxorubicin', 'vincristine', 'prednisone', 'pegfilgrastim']",['2']
26,NCT00097929,"['mk0683', 'vorinostat', 'suberoylanilide hydroxamic acid ']",['2']
27,NCT01226849,"['bortezomib', 'rituximab', 'ifosphamide', 'etoposide', 'carboplatin']",['1']
29,NCT00801216,"['high-dose sequential chemotherapy', 'autologous transplant']",['2']
30,NCT00761384,['90y-ibritumomab'],"['1', '2']"
31,NCT00965289,['rituximab'],['2']
35,NCT02733380,"['chidamide', 'vinorelbine', 'liposomal doxorubicin or mitoxantrone', 'dexamethasone', 'thalidomide']",['2']
40,NCT00906841,['90y-dota'],['2']
41,NCT01626352,"['bendamustine', 'ofatumumab']",['2']
44,NCT01402440,['aeb071'],['1']
45,NCT01854606,"['aeb071', 'everolimus']",['1']
49,NCT02227251,['selinexor'],['2']
51,NCT00169468,['rituximab '],['2']
54,NCT01046825,"['copad', 'cop', 'copd m3', 'cym', 'cop', 'copadm8', 'cyve']","['2', '3']"
56,NCT00895661,['rituximab'],['2']
61,NCT01799083,['decitabine'],"['1', '2']"
62,NCT01499303,['fostamatinib'],['2']
65,NCT01622439,"['valproate', 'rituximab', 'cyclophosphamide', 'doxorubicin', 'vincristine', 'prednisone']","['1', '2']"
67,NCT01805557,"['r-dhap', 'br-dhap']","['2', '3']"
69,NCT01278602,['r-eshap'],['2']
70,NCT00138086,"['zevalin', 'beam']",['2']
78,NCT01289210,"['vtx-2337', 'radiotherapy']","['1', '2']"
83,NCT02595242,"['cyclophosphamide', 'vincristine', 'prednisone']",['1']
84,NCT01466868,['mk2206'],['2']
85,NCT01238692,"['lbh589', 'rituximab']",['2']
86,NCT00001271,['igg-rfb4'],['1']
87,NCT01949818,"['yangzhengxiaoji capsule combined with chop regimen', 'chop regimen']",['4']
90,NCT01676558,['131i-rituximab'],['2']
93,NCT01282476,['panobinostat with rituximab'],['2']
94,NCT01766583,"['cc-292', 'lenalidomide']",['1']
96,NCT01556035,['lenalidomide'],['2']
97,NCT02449265,"['cyclophosphamide', 'doxorubicin', 'vincristine', 'prednisone']",['3']
98,NCT02449278,"['cyclophosphamide', 'doxorubicin', 'vincristine', 'prednisone']",['3']
99,NCT02692248,"['ibrutinib', 'rituximab', 'gemcitabine', 'oxaliplatin', 'dexamethasone']",['2']
100,NCT02412267,['o-ice '],['2']
102,NCT01197560,"['lenalidomide', 'gemcitabine', 'oxaliplatin', 'rituximab', 'etoposide']","['2', '3']"
103,NCT01054781,['rituximab'],['2']
105,NCT00776802,"['gcs-100', 'etoposide']","['1', '2']"
106,NCT02329080,"['methotrexate', 'rituximab', 'cytarabine', 'thiotepa', 'liposomial cytarabine', 'etoposide', 'ifosfamide', 'carmustine']",['2']
108,NCT02340936,"['lr-eshap ', 'lr-eshap ', 'lr-eshap ', 'lr-eshap ']","['1', '2']"
110,NCT01164267,['everolimus'],['2']
111,NCT02142049,"['ibrutinib', 'part 1']","['1', '2']"
112,NCT00486759,"['bevacizumab', 'rituximab', 'chop', 'placebo']",['3']
114,NCT01481129,['akt inhibitor mk2206'],['2']
117,NCT01741792,['blinatumomab'],['2']
119,NCT02471911,"['kpt-330', 'rituximab', 'etoposide', 'carboplatin', 'ifosfamide', 'dexamethasone']",['1']
122,NCT01481272,"['ofatumumab', 'etoposide', 'ifosfamid', 'mesna', 'cytarabine', 'methotrexate', 'leukovorin', 'granulocyte-colony stimulating factor']",['2']
123,NCT01470456,"['sar3419', 'rituximab']",['2']
124,NCT01004991,"['cyclophosphamide', 'vincristine', 'doxorubicin', 'prednisone', 'azacytidine']","['1', '2']"
127,NCT01472887,['sar3419'],['2']
128,NCT00169169,"['acvbp', 'ace', 'rituximab']",['3']
129,NCT00790036,"['everolimus', 'everolimus placebo']",['3']
131,NCT01423539,"['bendamustine', 'navitoclax', 'rituximab']",['2']
132,NCT00836173,"['rice', 'gard treatment']",['2']
134,NCT01678404,['131i-rituximab'],['2']
136,NCT02112526,['acp-196'],['1']
137,NCT00869999,"['everolimus', 'rituximab']",['2']
138,NCT00978432,"['rad001', 'lbh589', 'doublet ']",['2']
139,NCT01562990,"['rituximab', 'cmc544', 'gemcitabine', 'oxaliplatine']","['1', '2']"
140,NCT01502982,['r-choep14x6+hd'],['2']
141,NCT00831597,"['bendamustine', 'rituximab']",['2']
142,NCT01066429,"['dexamethasone', 'dose']",['2']
144,NCT00474188,"['cc-5013 ', 'dexamethasone']",['2']
145,NCT01287741,"['rituximab', 'obinutuzumab', 'cyclophosphamide', 'doxorubicin', 'vincristine', 'prednisone']",['3']
147,NCT00169143,"['rituximab', 'acvbp regimen', 'pegfilgrastim']",['2']
148,NCT00788606,"['bevacizumab', 'rituximab']",['2']
149,NCT02077166,"['ibrutinib', 'lenalidomide', 'rituximab']","['1', '2']"
150,NCT00918463,['dasatinib'],['2']
152,NCT02271945,"['medi-551 12 mg', 'medi0680 2', 'medi0680 10 mg']","['1', '2']"
153,NCT00440583,['chemotherapy followed by zevalin'],['2']
154,NCT02670616,"['ibrutinib', 'rituximab', 'cyclophosphamide', 'doxorubicin', 'vincristine', 'prednisolone']",['2']
155,NCT01040871,"['velcade', 'rituximab', 'cyclophosphamide', 'doxorubicin', 'prednisone', 'vincristine']",['2']
156,NCT02420210,"['bendamustine hydrochloride', 'dexamethasone']",['2']
158,NCT00118209,"['cyclophosphamide', 'doxorubicin', 'vincristine', 'prednisone', 'etoposide', 'filgrastim', 'pegfilgrastim']",['3']
159,NCT00209014,['thalidomide'],['2']
163,NCT02679196,['ka2237'],['1']
164,NCT02594163,"['brentuximab vedotin', 'rituximab', 'bendamustine']",['2']
165,NCT02596971,"['atezolizumab', 'bendamustine', 'cyclophosphamide', 'doxorubicin', 'obinutuzumab', 'prednisone', 'vincristine', 'rituximab']","['1', '2']"
166,NCT00575406,"['rituximab', 'cyclophosphamide', 'doxorubicin', 'liposomal doxorubicin', 'vincristin', 'prednisolone']",['2']
167,NCT01195714,['ofatumumab'],['2']
169,NCT01852435,"['r-ceop', 'r-ceop', 'r-chop']",['3']
175,NCT00931918,"['bortezomib', 'rituximab', 'cyclophosphamide', 'doxorubicin', 'vincristine', 'prednisone']",['2']
177,NCT00316511,['aroplatin'],['1']
178,NCT01786018,"['thiotepa', 'busulfan', 'fludarabin', 'immunosuppression', 'cyclosporine', 'methotrexate', 'atg']",['2']
180,NCT00147121,"['rituximab', 'standard chop', 'rituximab', 'bi']","['2', '3']"
181,NCT02600897,"['lenalidomide', 'obinutuzumab', 'polatuzumab vedotin', 'rituximab']",['1']
182,NCT00434629,['bexxar'],['1']
183,NCT02542111,"['bortezomib', 'gemcitabine', 'dexamethasone', 'cisplatin']",['2']
184,NCT00499018,"['rituximab', 'ciclofosfamide', 'doxorubicina', 'vincristina', 'prednisone', 'pegfilgrastim', 'mitoxantrone', 'ara-c', 'lenograstim', 'bcnu', 'vp-16']",['3']
185,NCT01724021,"['cyclophosphamide', 'hydroxydaunorubicin', 'oncovin', 'prednisone', 'cyclophosphamide', 'vincristine', 'prednisone', 'bendamustine', 'rituximab']",['3']
186,NCT01788189,['lenalidomide'],"['1', '2']"
188,NCT01453205,"['medi-551 2 mg', 'rituximab', 'ice', 'dhap', 'medi-551 4 mg']",['2']
190,NCT00038571,['ps341 '],['2']
191,NCT02660710,['r-chop'],['2']
192,NCT00849654,['pci-32765'],['1']
198,NCT01414855,"['obinutuzumab', 'cyclophosphamide', 'doxorubicin', 'prednisone', 'vincristine']",['2']
200,NCT02229981,['abc294640'],"['1', '2']"
201,NCT02570542,"['plerixafor', 'carmustine', 'etoposide', 'cytarabine', 'melphalan']",['2']
202,NCT00867087,"['inotuzumab ozogamicin ', 'rituximab']",['2']
203,NCT01965119,['ruxolitinib'],['2']
204,NCT00338494,['clofarabine'],['1']
205,NCT00216164,"['rituximab', 'gemcitabine']",['2']
206,NCT01325701,['ibrutinib'],['2']
209,NCT01535989,"['inotuzumab ozogamicin', 'temsirolimus']",['1']
210,NCT02219737,"['carboplatin', 'etoposide', 'ibrutinib', 'ifosfamide']",['1']
213,NCT00054665,"['ps-341', 'etoposide', 'doxorubicin', 'vincristine', 'cyclophosphamide', 'prednisone', 'filgrastim']",['2']
214,NCT01854372,"['r-hcvad', 'r']",['2']
215,NCT01510184,['zevalin '],['3']
216,NCT01991184,['gdc-0853'],['1']
219,NCT01976585,"['rhuflt3l', 'poly-iclc']","['1', '2']"
221,NCT00799513,['lenalidomide'],['2']
223,NCT01846390,"['gemcitabine', 'dexamethasone', 'cisplatin', 'romidepsin']",['1']
224,NCT00386321,['yttrium 90 '],['2']
225,NCT01582776,"['lenalidomide', 'ga101']","['1', '2']"
226,NCT00553943,"['rituximab', 'cytarabine']",['2']
227,NCT01523834,['panobinostat'],['2']
228,NCT00400478,['rituximab'],['3']
229,NCT00717925,['inotuzumab ozogamicin '],['1']
230,NCT02054559,['r-chop'],['3']
233,NCT01679119,"['cyclophosphamide', 'vincristine', 'prednisolone', 'rituximab', 'inotuzumab ozogamicin', 'gemcitabine']",['2']
234,NCT01925612,"['brentuximab vedotin', 'rituximab', 'vincristine', 'cyclophosphamide', 'prednisone', 'doxorubicin']",['2']
237,NCT01670370,['r-gemox'],['2']
238,NCT01653067,"['rituximab', 'temsirolimus', 'dhap', 'intravenous']",['2']
241,NCT01516567,"['etoposide', 'doxorubicin', 'vincristine', 'cyclophosphamide', 'rituximab']",['2']
242,NCT01279902,"['rituximab', 'chop immunochemotherapy']",['2']
243,NCT01859819,"['rituximab', 'it cytarabine']",['2']
244,NCT00498914,['ym155'],['2']
245,NCT02252146,['imo-8400'],"['1', '2']"
252,NCT02423291,['brentuximab vedotin'],['2']
258,NCT00204659,"['rituximab', 'chop chemotherapy']",['2']
263,NCT01693614,['buparlisib'],['2']
264,NCT02617485,"['rituximab', 'doxorubicin', 'vincristine', 'cyclophosphamide', 'prednisone']",['3']
270,NCT00466258,"['r-chop', 'highly active antiretroviral therapy', 'central nervous system ', 'prophylaxis of opportunistic infections', 'support treatment']",['4']
272,NCT01659099,"['ga101', 'rituximab', 'doxorubicin', 'cyclophosphamide', 'prednisone', 'bleomycin', 'vindesin', 'vincristine']",['3']
273,NCT02549651,"['medi4736', 'tremelimumab', 'azd9150']",['1']
274,NCT01914718,['da-epoch'],['2']
277,NCT02323230,['cyclophosphamide'],['2']
278,NCT02399085,"['mor00208', 'lenalidomide']",['2']
280,NCT01965977,['bortezomib'],['2']
283,NCT01804127,['r-chop'],['2']
285,NCT02456207,"['sct400', 'rituximab']",['2']
288,NCT02670317,"['obinutuzumab', 'ibrutinib', 'chop']",['2']
290,NCT00085696,"['velcade', 'rituximab']",['2']
291,NCT02658968,['betalutin'],['1']
293,NCT01933516,['gp2013'],['1']
296,NCT01704963,['pci-32765'],['1']
297,NCT02128061,"['lenalidomide', 'rituximab']",['3']
298,NCT01856192,"['cyclophosphamide', 'doxorubicin hydrochloride', 'lenalidomide', 'prednisone', 'vincristine sulfate']",['2']
299,NCT00998946,['pralatrexate injection'],['2']
301,NCT00902525,['90y-ibritumomab tiuxetan'],['2']
303,NCT02388581,"['lansoprazole', 'amoxicillin', 'clarithromycin', 'metronidazole']",['2']
305,NCT00577629,"['cyclophosphamide', 'etoposide', 'rituximab', 'cytarabine', 'doxorubicin', 'tositumomab']",['2']
306,NCT02134262,['cyclophosphamide or bendamustine'],"['1', '2']"
307,NCT02700022,['alisertib'],['1']
309,NCT00299494,"['inotuzumab ozogamicin', 'rituximab']","['1', '2']"
310,NCT00924326,"['fludarabine', 'cyclophosphamide']","['1', '2']"
312,NCT00211276,['ontak '],['2']
313,NCT00073749,['inotuzumab ozogamicin '],['1']
315,NCT01569750,"['part 1', 'cohort 1', 'part 1', 'cohort 2', 'part 1', 'cohort 3', 'part 2', 'cohort 1', 'part 2', 'cohort 2']",['1']
316,NCT00515138,"['rituximab', 'ifosfamide', 'carboplatin', 'etoposide', 'bortezomib']",['1']
319,NCT02361346,['mt-3724'],['1']
321,NCT01148108,['canfosfamide hcl for injection'],['2']
322,NCT00556127,"['rituximab', 'epirubicin', 'cyclophosphamide', 'vincristine', 'prednisone', 'granulocyte-colony', 'mitoxantrone', 'cytarabine ara', 'dexamethasone', 'carmustine bcnu', 'etoposide', 'melphalan']",['2']
324,NCT02282358,['mocetinostat'],"['1', '2']"
325,NCT01478542,"['conventional vincristine', 'liposomal vincristine', 'ricover-scheme rituximab', 'optimised rituximab']",['3']
326,NCT00768339,['aeg35156 antisense iv infusion'],"['1', '2']"
327,NCT01990144,['bendamustine+rituximab'],['2']
328,NCT02674750,['cudc-907'],['2']
329,NCT02564744,"['debio 1562', 'rituximab']",['2']
330,NCT02495454,['ga101'],['2']
331,NCT01092182,"['epoch-r', 'epoch-rr']",['2']
333,NCT01241734,['revlimid'],"['1', '2']"
335,NCT01691898,"['obinutuzumab', 'pinatuzumab vedotin', 'polatuzumab vedotin', 'rituximab']","['1', '2']"
338,NCT00724971,"['inotuzumab ozogamicin ', 'rituximab ']",['1']
339,NCT01234467,"['bendamustine', 'rituximab']",['2']
340,NCT01471210,['urelumab '],['1']
341,NCT01415765,"['mln4924', 'etoposide', 'prednisone', 'vincristine', 'cyclophosphamide', 'doxorubicin', 'rituximab', 'filgrastim']","['1', '2']"
345,NCT01944943,['vismodegib'],['2']
346,NCT01361191,['r-megachop'],['2']
349,NCT02049541,['pi3k inhibitor bkm120'],['1']
351,NCT02592876,"['denintuzumab mafodotin', 'rituximab', 'ifosfamide', 'carboplatin', 'etoposide']",['2']
353,NCT00946023,"['fludarabine', 'cyclophosphamide', 'tacrolimus', 'mycophenolate mofetil', 'rituximab']",['2']
355,NCT01009970,"['rituximab', 'cyclophosphamide', 'vincristine', 'prednisone', 'doxorubicin']",['2']
357,NCT02044276,"['lipegfilgrastim', 'pegfilgrastim']",['3']
358,NCT00842595,"['rituximab', 'vinorelbine', 'ifosfamide', 'mitoxantrone', 'prednisone']",['2']
359,NCT00841945,"['rituximab', 'doxorubicin', 'vincristine', 'prednisone']",['3']
363,NCT00586391,['ipilimumab'],['1']
364,NCT01959698,"['carboplatin', 'carfilzomib', 'etoposide', 'ifosfamide']","['1', '2']"
366,NCT00599170,['rituximab'],['2']
367,NCT01397825,"['alisertib ', 'rituximab', 'vincristine']","['1', '2']"
371,NCT01613300,['ofatumumab'],['2']
372,NCT01718691,"['syb l', 'rituximab']",['2']
376,NCT00324467,"['cyclophosphamide', 'doxorubicin', 'vincristine', 'prednisone', 'ondansetron', 'dexamethasone', 'diphenhydramine', 'acetaminophen', 'ifosfamide', 'mesna ', 'mesna ', 'carboplatin', 'etoposide', 'rituximab']",['2']
379,NCT00455897,"['gm-csf', 'chop', 'rituximab']",['2']
380,NCT02012088,"['rcomp', 'rchop']",['2']
381,NCT01235793,['temozolomide'],['2']
382,NCT02443077,"['carmustine', 'cyclophosphamide', 'cytarabine', 'etoposide', 'ibrutinib', 'melphalan']",['3']
384,NCT02628405,"['carboplatin', 'etoposide', 'ifosfamide', 'lenalidomide']","['1', '2']"
385,NCT01516580,"['vincristine', 'cyclophosphamide', 'methotrexate', 'doxorubicin', 'cytarabine', 'ara', 'rituximab', 'vincristine', 'cyclophosphamide', 'methotrexate', 'doxorubicin', 'cytarabine', 'ara']",['3']
387,NCT01148446,"['cyclophosphamide', 'doxorubicin', 'vincristine', 'prednisone', 'epirubicin', 'vinblastine', 'rituximab', 'g-csf']",['3']
391,NCT01939730,"['rituximab', 'gm-csf']",['2']
397,NCT02431988,"['cyclophosphamide', 'fludarabine']",['1']
399,NCT02272686,['ibrutinib'],['2']
400,NCT01458366,"['bendamustine', 'ofatumumab', 'carboplatin', 'etoposide']","['1', '2']"
402,NCT01897571,['tazemetostat'],"['1', '2']"
403,NCT00333008,"['doxil', 'cyclophosphamide', 'vincristine', 'prednisone', 'rituximab', 'pegfilgrastim']",['2']
404,NCT01181999,['rituximab'],['2']
405,NCT00168740,['rituximab'],['3']
408,NCT02151903,['di-leu16'],"['1', '2']"
410,NCT00379574,"['bortezomib', 'cyclophosphamide', 'doxorubicin', 'vincristine', 'prednisolone', 'lenograstim']","['1', '2']"
411,NCT02541565,"['cyclophosphamide', 'doxorubicin hydrochloride', 'prednisone', 'vincristine sulfate']",['1']
413,NCT01874288,"['10', '50mg']","['1', '2']"
417,NCT00538096,['medi-538'],['1']
421,NCT00927797,"['cyclophosphamide', 'pentostatin', 'rituximab']",['2']
428,NCT00220285,['zevalin '],['2']
429,NCT01157988,['ibritumomab tiuxetan '],['2']
430,NCT01263418,['ofatumumab'],['2']
434,NCT02213913,"['lenalidomide', 'etoposide', 'prednisone', 'vincristine sulfate', 'doxorubicin hydrochloride', 'cyclophosphamide']","['1', '2']"
435,NCT02436707,"['ibrutinib', 'rituximab', 'gemcitabine', 'dexamethasone', 'cisplatin', 'mesna', 'cyclophosphamide', 'etoposide', 'g-csf']",['2']
437,NCT02531841,"['arm a ', 'arm b ']",['3']
441,NCT02529852,"['lenalidomide', 'obinutuzumab', 'cyclophosphamide', 'doxorubicin', 'vincristine', 'prednisone']","['1', '2']"
442,NCT00689169,"['zbeam ', 'rituximab']",['2']
444,NCT02285062,"['lenalidomide', 'placebo', 'rituximab', 'cyclophosphamide', 'doxorubicin', 'prednisone', 'vincristine']",['3']
446,NCT02702141,['sgn-cd19b'],['1']
447,NCT01213095,['rituximab'],['2']
450,NCT01109069,['pci-32765'],['2']
453,NCT01511562,"['carmustine', 'cytarabine', 'etoposide', 'thiotepa', 'g-csf']",['2']
458,NCT01459887,"['chop combined with cmab304', 'chop', 'cmab304']",['3']
459,NCT01448096,['rituximab'],['2']
460,NCT02636322,"['rituximab', 'ibrutinib', 'lenalidomide', 'etoposide', 'prednisone', 'vincristine', 'cyclophosphamide', 'doxorubicin']",['2']
461,NCT00634179,"['bortezomib', 'doxorubicin', 'cyclophosphamide', 'vincristine', 'prednisone']","['1', '2']"
462,NCT01560117,['rituximab'],['2']
464,NCT00983944,"['epoch regimen', 'cyclophosphamide', 'doxorubicin hydrochloride', 'etoposide', 'prednisone', 'vincristine sulfate']",['2']
465,NCT00446095,['fostamatinib'],"['1', '2']"
466,NCT02589145,"['lenalidomide', 'vorinostat', 'gemcitabine', 'busulfan', 'melphalan', 'rituximab', 'dexamethasone', 'caphosol', 'glutamine', 'pyridoxine', 'enoxaparin', 'palifermin']","['1', '2']"
467,NCT02532192,"['belinostat', 'rituximab', 'cisplatin', 'cytarabine', 'dexamethasone', 'ciprofloxacin', 'fluconazole']",['1']
468,NCT02366663,"['carmustine', 'etoposide', 'cytarabine', 'melphalan']",['3']
469,NCT02141451,"['rituximab', 'incb7839']","['1', '2']"
476,NCT00169195,"['gemcitabine-oxaliplatin', 'rituximab ']",['2']
477,NCT01354392,['azd1152'],"['1', '2']"
478,NCT00794638,"['syb l', 'rituximab']",['1']
479,NCT01434472,"['cyclosporine', 'fludarabine phosphate', 'mycophenolate mofetil']",['2']
483,NCT00987493,"['bendamustine hydrochloride', 'lenalidomide']","['1', '2']"
485,NCT02086604,"['brentuximab vedotin', 'lenalidomide']",['1']
486,NCT01855750,"['ibrutinib', 'placebo', 'rituximab', 'cyclophosphamide', 'doxorubicin', 'vincristine', 'prednisone ']",['3']
488,NCT00290667,"['cyclophosphamide', 'doxorubicin hydrochloride', 'prednisone', 'vincristine sulfate']",['2']
489,NCT02362997,['pembrolizumab'],['2']
491,NCT00355199,"['rituximab-hds', 'rituximab-chop']",['3']
493,NCT02391116,['copanlisib '],['2']
497,NCT00670358,"['cyclophosphamide', 'doxorubicin hydrochloride', 'lenalidomide', 'prednisone', 'vincristine sulfate']","['1', '2']"
498,NCT01848132,"['bortezomib', 'rituximab', 'cyclophosphamide', 'doxorubicin', 'prednisone', 'vincristine']",['2']
499,NCT01324596,"['intravenous', 'bortezomib']",['3']
501,NCT02428751,"['pegylated liposomal doxorubicin', 'doxorubicin', 'rituximab', 'cyclophophamide', 'vincristine', 'prednisone']",['3']
507,NCT00058422,"['cyclophosphamide', 'doxorubicin hydrochloride', 'prednisone', 'vincristine sulfate']",['2']
512,NCT02031419,"['cc-122', 'cc-223', 'rituximab', 'cc-292']",['1']
513,NCT01359592,"['cyclophosphamide', 'doxorubicin hydrochloride', 'prednisone', 'vincristine sulfate']",['2']
516,NCT01144403,"['cyclophosphamide', 'fludarabine', 'mitoxantrone', 'rituximab']",['2']
518,NCT02343536,"['oral azacitidine', 'rituximab', 'cyclophosphamide', 'vincristine', 'prednisone']",['1']
522,NCT01334502,"['cyclophosphamide', 'doxorubicin hydrochloride', 'everolimus', 'prednisone', 'vincristine sulfate']",['1']
523,NCT01278615,['selumetinib'],['2']
524,NCT00880581,['pf-3512676'],['2']
525,NCT01321541,"['pixantrone', 'rituximab', 'gemcitabine', 'rituximab']",['3']
526,NCT01649856,"['chop', 'rituximab ']",['3']
528,NCT02257567,"['bendamustine', 'obinutuzumab', 'polatuzumab vedotin ', 'rituximab', 'polatuzumab vedotin ']","['1', '2']"
533,NCT00851552,"['bortezomib', 'pegylated liposomal doxorubicin hydrochloride']",['2']
534,NCT01926665,"['carfilzomib', 'dexamethasone']",['1']
535,NCT01351935,['avl-292'],['1']
537,NCT02038933,['nivolumab'],['2']
538,NCT00156013,['clofarabine'],"['1', '2']"
539,NCT01014208,"['ofatumumab', 'dhap', 'rituximab', 'dhap']",['3']
540,NCT00136591,['bortezomib'],['2']
541,NCT00644124,['aflibercept'],['1']
543,NCT00445341,['flavopiridol'],"['1', '2']"
544,NCT01555541,"['ofatumumab', 'etoposide', 'cytarabine']",['2']
545,NCT00135499,"['rituximab', 'doxorubicin', 'cyclophosphamide', 'vindesine', 'bleomycin', 'prednisone', 'vincristine']",['3']
546,NCT00140660,['rituximab'],['3']
547,NCT00971763,"['cyclophosphamide', 'gemcitabine hydrochloride', 'prednisolone', 'vincristine sulfate']",['2']
549,NCT00829205,"['carboplatin', 'etoposide', 'ifosfamide']","['1', '2']"
550,NCT00144807,"['rituximab', 'doxorubicin', 'cyclophosphamide']",['2']
552,NCT00066508,['bortezomib'],['2']
553,NCT00137995,"['rituximab', 'etoposide', 'carboplatine', 'ifosfamide', 'mesna', 'cisplatine', 'cytosine arabinoside', 'dexamethasone', 'bcnu', 'cytarabine', 'melphalan']",['3']
554,NCT00301821,"['cyclophosphamide', 'doxorubicin hydrochloride', 'prednisone', 'vincristine sulfate']",['2']
556,NCT00140595,"['rituximab', 'doxorubicin', 'cyclophosphamide']",['3']
557,NCT00169130,"['doxorubicin', 'cyclophosphamide']","['2', '3']"
561,NCT00308087,"['sargramostim ', 'rituximab']",['2']
562,NCT00268853,"['cpop-r', 'chop-r']",['2']
563,NCT00144755,['darbepoetin alfa'],['3']
564,NCT00193505,"['ifosfamide', 'carboplatin', 'etoposide', 'rituximab', '90y zevalin']",['2']
567,NCT00435916,['sgn-40'],['2']
571,NCT00324831,"['autologous immunoglobulin idiotype', 'cyclophosphamide', 'doxorubicin hydrochloride', 'prednisone', 'rituximab', 'sargramostim', 'vincristine']",['3']
572,NCT01239394,['ofatumumab'],['2']
574,NCT00457782,['kw-2478'],['1']
575,NCT00070083,"['cyclophosphamide', 'doxorubicin hydrochloride', 'prednisone', 'vincristine sulfate']",['1']
576,NCT02073097,"['carfilzomib', 'cyclophosphamide', 'doxorubicin hydrochloride', 'vincristine sulfate', 'prednisone']","['1', '2']"
577,NCT00588094,"['rituximab', 'ifosfamide', 'carboplatin', 'vp']",['2']
578,NCT01980628,['ibrutinib'],['2']
579,NCT02281279,"['lenalidomide', 'romidepsin']","['1', '2']"
581,NCT01994850,['brentuximab vedotin'],"['1', '2']"
582,NCT00764517,"['cladribine', 'vorinostat']",['2']
583,NCT00796731,['sar3419'],['1']
584,NCT01812005,['alisertib'],['2']
585,NCT01193842,"['cyclophosphamide', 'doxorubicin hydrochloride', 'etoposide', 'prednisone', 'vincristine sulfate', 'vorinostat']","['1', '2']"
586,NCT00622388,['ofatumumab'],['2']
587,NCT00945724,"['rituximab', 'cyclophosphamide', 'doxorubicin', 'vincristine', 'prednisolone', 'liposomal cytarabine', 'methotrexate']",['2']
588,NCT00783367,"['lenalidomide-low dose dexamethasone', 'rituximab', 'lenalidomide', 'rituximab']",['2']
589,NCT02220842,"['atezolizumab', 'obinutuzumab', 'tazemetostat']",['1']
590,NCT00901615,"['lenalidomide', 'r']","['1', '2']"
593,NCT01889069,"['rituximab', 'cyclophosphamide', 'vincristine', 'doxorubicin', 'prednisone', 'bendamustine']",['3']
594,NCT01063439,"['busulfan', 'etoposide', 'cytarabine', 'melphalan']",['2']
595,NCT00290472,['temsirolimus'],['2']
596,NCT01539174,"['cyclophosphamide', 'doxorubicin hydrochloride', 'vincristine sulfate', 'prednisone']",['2']
597,NCT02729896,"['atezolizumab ', 'obinutuzumab', 'polatuzumab vedotin', 'rituximab']","['1', '2']"
599,NCT00288067,"['fenretinide', 'rituximab']","['1', '2']"
600,NCT02706405,"['cyclophosphamide', 'fludarabine phosphate']",['1']
601,NCT00312845,"['bortezomib', 'rituximab', 'rituximab']",['3']
602,NCT01178645,"['busulfan', 'etoposide', 'cytarabine,', 'melphalan']",['2']
604,NCT00972478,"['cyclophosphamide', 'doxorubicin hydrochloride', 'prednisone', 'vincristine sulfate', 'vorinostat']","['1', '2']"
606,NCT00042666,['ly317615'],['2']
607,NCT00392496,['sunitinib malate'],['2']
608,NCT00712582,"['etoposide', 'carboplatin', 'ifosfamide', 'rituximab', 'ifosfamide', 'etoposide', 'carboplatin', 'rituximab', 'ifosfamide', 'etoposide', 'carboplatin', 'stem cell collection', 'mitoxantrone', 'cyclophosphamide', 'etoposide', 'carmustine']",['2']
609,NCT00667615,"['rituximab', 'cyclophosphamide', 'etoposide', 'prednisone', 'vorinostat', 'qol questionnaire', 'peg']","['1', '2']"
615,NCT00621452,['cyclophosphamide'],['1']
616,NCT00532259,['ct-011'],['2']
619,NCT01284192,['asp3026'],['1']
622,NCT02611323,"['obinutuzumab', 'rituximab', 'polatuzumab vedotin', 'venetoclax']",['1']
623,NCT02413489,['daratumumab'],['2']
624,NCT00703664,"['bortezomib', 'vorinostat']",['2']
626,NCT02624986,"['idasanutlin', 'obinutuzumab', 'rituximab']","['1', '2']"
627,NCT00466531,['cyclophosphamide'],"['1', '2']"
628,NCT02086175,"['imprime pgg', 'rituximab']",['2']
629,NCT00880867,['poly-iclc'],['1']
630,NCT00294632,"['lenalidomide', 'rituximab']","['1', '2']"
632,NCT00210366,['idarubicin'],['2']
633,NCT00210314,"['high dose methotrexate', 'high dose cytarabine']",['2']
634,NCT00907348,['lr-chop21'],['2']
635,NCT00329030,"['autologous transplantation using rituxan', 'autologous transplantation using bexxar']",['3']
636,NCT01118845,"['syb l', 'rituximab']",['2']
637,NCT01300793,['velcade '],['1']
639,NCT02082977,['gsk2816126'],['1']
640,NCT02623920,"['brentuximab', 'bendamustine', 'rituximab']",['2']
641,NCT02405676,"['prednisone,vincristine', 'cyclophosphamide', 'cyclophosphamide', 'vincristine', 'cytarabine', 'doxorubincin', 'prednisone', 'ifosphamide', 'etoposide', 'methotrexate', 'vincristine', 'prednisone', 'cyclophosphamide', 'vindelsine', 'cytarabine', 'doxorubincin', 'prednisone', 'ifosphamide', 'etoposide', 'methotrexate', 'vindelsine', 'prednisone', 'rituximab']","['2', '3']"
643,NCT00968760,"['il-2', 'carmustine', 'etoposide', 'cytarabine', 'melphalan']",['1']
646,NCT01078922,['ofatumumab'],['2']
648,NCT00225212,['rituximab 375 mg'],['2']
649,NCT00482053,"['rituximab', 'carmustine', 'etoposide', 'filgrastim', 'anti-thymocyte globulin ', 'cyclosporine', 'mycophenolate mofetil ', 'cyclophosphamide', 'acetaminophen', 'diphenhydramine', 'hydrocortisone', 'methylprednisolone']",['2']
654,NCT01122472,"['lenalidomide', 'placebo']",['3']
655,NCT01030900,['epoch'],['2']
656,NCT02168907,['bendamustine hydrochloride'],['1']
659,NCT02367040,"['copanlisib ', 'placebo', 'rituximab']",['3']
660,NCT01680991,['obinutuzumab'],['1']
662,NCT01955499,"['ibrutinib', 'lenalidomide']",['1']
668,NCT01055496,"['inotuzumab ozogamicin+rituximab +cyclophosphamide+vincristine+prednisone', 'inotuzumab ozogamicin+rituximab+gemcitabine+cisplatinum+dexamethasone']",['1']
669,NCT01045928,['lenalidomide'],['1']
674,NCT00336843,['zevalin-bucye'],['2']
676,NCT00061425,['radiolabeled epratuzumab'],"['1', '2']"
677,NCT00542919,['enzastaurin'],['2']
678,NCT00210379,"['rituximab', 'chop', 'intrathecal methotrexate']",['2']
680,NCT02106091,['afm11'],['1']
684,NCT01647971,['ublituximab'],"['1', '2']"
688,NCT00081861,"['avastin', 'rituximab']",['2']
693,NCT02401048,"['ibrutinib', 'medi4736']","['1', '2']"
694,NCT00397800,"['cyclophosphamide', 'fludarabine phosphate']","['1', '2']"
698,NCT02703272,"['ibrutinib', 'rituximab', 'ifosfamide', 'carboplatin', 'etoposide', 'vincristine', 'idarubicin', 'dexamethasone']",['3']
700,NCT00210340,['intrathecal rituximab'],['1']
704,NCT01491841,"['bendamustine', 'rituximab', 'pixantrone']","['1', '2']"
705,NCT02453087,"['dcds0780a', 'rituximab', 'obinutuzumab']",['1']
706,NCT00863369,"['bortezomib', 'gemcitabine hydrochloride']","['1', '2']"
707,NCT02109224,['ibrutinib'],['1']
709,NCT01760226,"['da-epoch', 'methotrexate', 'etoposide', 'doxorubicin', 'vincristine', 'rituximab', 'cyclophosphamide', 'prednisone', 'g-csf']",['1']
710,NCT02568683,"['ento', 'vcr']","['1', '2']"
711,NCT00809341,"['cyclophosphamide', 'doxorubicin', 'vincristine', 'prednisone', 'ifosfamide', 'carboplatin', 'etoposide', 'high-dose cyclophosphamide']",['2']
712,NCT00290498,"['rituximab', 'cyclophosphamide', 'doxorubicin', 'vincristine', 'dexamethasone', 'methotrexate', 'cytarabine', 'prednisone']",['2']
713,NCT00607854,['ibritumomab tiuxetan '],['2']
714,NCT01805375,['di-b4'],['1']
716,NCT01992653,"['cyclophosphamide', 'doxorubicin', 'obinutuzumab', 'polatuzumab vedotin', 'prednisolone', 'prednisone', 'rituximab']","['1', '2']"
717,NCT01691807,"['ofatumumab', 'bendamustine']",['1']
718,NCT01549886,"['zevalin regimen', 'moxtezafin gadolinium']",['2']
719,NCT01294579,['bendamustine'],['2']
723,NCT01840566,"['carmustine', 'etoposide', 'cytarabine', 'melphalan']",['1']
725,NCT00073957,"['cytarabine', 'liposomal cytarabine']",['2']
727,NCT01108341,"['bendamustine hydrochloride', 'ofatumumab']",['2']
728,NCT00389818,"['cyclophosphamide', 'pegylated liposomal doxorubicin hydrochloride', 'prednisone', 'vincristine sulfate']",['2']
729,NCT00303953,['belinostat'],['2']
730,NCT00549185,['sar3419'],['1']
732,NCT00911183,"['cyclophosphamide', 'liposome-encapsulated doxorubicin citrate', 'prednisone', 'vincristine sulfate']",['2']
733,NCT00193479,"['cyclophosphamide', 'mitoxantrone', 'vincristine', 'prednisone', 'rituximab']",['2']
734,NCT00556699,"['rituximab', 'sgn-40']",['1']
739,NCT02180711,"['acalabrutinib', 'rituximab ']","['1', '2']"
740,NCT00741871,['sb1518'],['1']
741,NCT01665768,"['everolimus', 'rituximab']",['2']
742,NCT00001512,"['id-klh vaccine', 'gm-csf']",['1']
743,NCT01120834,"['azacytidine', 'vorinostat']","['1', '2']"
744,NCT00577278,"['fludarabine phosphate', 'melphalan', 'sirolimus', 'tacrolimus']",['2']
745,NCT00612183,['bendamustine hydrochloride'],['2']
746,NCT01955668,['administration of azd6738'],['1']
747,NCT00101010,"['cyclophosphamide', 'pegylated liposomal doxorubicin hydrochloride', 'prednisone', 'vincristine sulfate']",['2']
749,NCT01077518,"['ofatumumab', 'bendamustine infusions ', 'bendamustine infusion ']",['3']
750,NCT00278408,"['cyclophosphamide', 'doxorubicin hydrochloride', 'prednisone', 'vincristine sulfate']",['3']
751,NCT00062296,['epirubicin hydrochloride'],['2']
752,NCT00974792,"['cyclophosphamide', 'cytarabine', 'doxorubicin hydrochloride', 'etoposide phosphate', 'ifosfamide', 'leucovorin calcium', 'methotrexate', 'vincristine sulfate']",['2']
753,NCT00001572,"['id-klh vaccine', 'qs-21 ']",['1']
755,NCT00695409,"['carmustine', 'cytarabine', 'etoposide', 'melphalan']",['2']
757,NCT00765245,"['lenalidomide', 'rituximab']",['2']
761,NCT02017613,['rp6530'],['1']
762,NCT00498043,"['r-chop14 induction regimen', 'r-acvbp14 induction regimen']",['2']
763,NCT00079443,"['romidepsin', 'fludarabine phosphate']",['2']
764,NCT02572453,['onalespib'],['2']
765,NCT00875056,['vorinostat'],['2']
766,NCT01980654,"['ibrutinib', 'rituximab']",['2']
767,NCT01282424,['idelalisib'],['2']
769,NCT02254772,['sd-101'],"['1', '2']"
771,NCT02332980,"['ibrutinib', 'idelalisib']",['2']
772,NCT02242045,['idelalisib'],['1']
773,NCT01030536,"['cat-8015 20 mcg', 'cat-8015 30 mcg', 'cat-8015 40 mcg', 'cat-8015 50 mcg', 'cat-8015 60 mcg']","['1', '2']"
774,NCT00413959,"['velcade', 'rituximab', 'cyclophosphamide', 'decadron']",['2']
777,NCT02659943,"['cyclophosphamide', 'fludarabine']",['1']
778,NCT00968656,['f-18'],['1']
779,NCT00087425,['bryostatin 1'],['2']
780,NCT00543582,"['mgcd0103', 'azacitidine']",['2']
781,NCT00210327,['bortezomib '],['2']
782,NCT01209130,"['dcdt2980s', 'rituximab']",['1']
783,NCT01290549,"['polatuzumab vedotin', 'rituximab']",['1']
784,NCT00210392,['bortezomib '],['2']
785,NCT01851551,"['vincristine sulfate liposome injection', 'rituximab']","['1', '2']"
786,NCT00210353,"['chlorambucil ', 'rituximab+chlorambucil', 'rituximab']",['3']
787,NCT00412321,['cnto 328'],['1']
788,NCT02257242,"['rituximab', 'bendamustine', 'vincristine sulfate liposome injection']",['1']
789,NCT00082784,"['bortezomib', 'alvocidib hydrochloride']",['1']
792,NCT01088048,"['idelalisib', 'rituximab', 'bendamustine', 'ofatumumab', 'fludarabine', 'everolimus', 'bortezomib', 'chlorambucil', 'lenalidomide']",['1']
793,NCT01479842,"['btk inhibitor pci', 'bendamustine hydrochloride']",['1']
795,NCT00523939,['cytarabine liposome injection'],['2']
798,NCT01791595,['azd3965'],['1']
802,NCT00337259,['gemcitabine'],['2']
804,NCT01786135,['sgn-cd19a'],['1']
805,NCT01562977,"['rituximab', 'gemcitabine', 'oxaliplatin', 'dexametasone']",['2']
812,NCT00119392,"['cyclosporine', 'fludarabine phosphate', 'mycophenolate mofetil']",['2']
813,NCT01352312,"['bendamustine', 'pentostatin', 'ofatumumab']",['1']
818,NCT01808599,"['chlorambucil', 'rituximab i', 'rituximab s']",['2']
819,NCT01119794,"['ofatumumab', 'bortezomib']",['2']
821,NCT00051025,['ontak'],['2']
822,NCT02650999,['pembrolizumab'],"['1', '2']"
823,NCT00823719,"['ofatumumab', 'ice', 'ofatumumab', 'dhap']",['2']
825,NCT02499003,"['obinutuzumab', 'pixantrone']",['2']
826,NCT02226965,['pnt2258'],['2']
828,NCT02652910,['cd19'],"['1', '2']"
830,NCT00110071,['fludarabine phosphate'],['1']
832,NCT01431209,['ruxolitinib phosphate'],['2']
835,NCT02417285,"['obinutuzumab', 'cc-122']",['1']
838,NCT00121199,"['cyclophosphamide', 'doxorubicin hydrochloride', 'vincristine sulfate', 'prednisone']",['2']
839,NCT01165112,"['bendamustine hydrochloride', 'carboplatin', 'etoposide']","['1', '2']"
840,NCT00854568,"['ceop regimen', 'chop regimen']",['3']
844,NCT01567709,"['alisertib', 'vorinostat']",['1']
851,NCT01695941,"['alisertib', 'bortezomib']",['1']
853,NCT02374424,['ga101_dhap'],['2']
856,NCT01141712,"['bcnu', 'etoposide', 'cytarabine', 'melphalan']",['2']
858,NCT01686321,"['bendamustine', 'subcutaneous rituximab']",['2']
859,NCT02624492,"['bi 836826', 'gemox', 'rituximab']",['2']
860,NCT00655837,"['sgn-40', 'rituximab', 'gemcitabine']",['1']
862,NCT01397591,['bortezomib'],['2']
864,NCT00529503,"['sgn-40', 'placebo', 'rituximab', 'etoposide', 'carboplatin', 'ifosfamide']",['2']
865,NCT00568815,['rituximab combined with eshap'],['2']
867,NCT00591630,"['zevalin', 'carmustine', 'etoposide', 'cytarabine', 'melphalan', 'rituximab']",['2']
868,NCT01138579,['fbta05'],"['1', '2']"
869,NCT00242996,"['carmustine', 'cyclophosphamide', 'etoposide']",['2']
870,NCT00436280,"['enzastaurin', 'gemcitabine', 'rituximab', 'oxaliplatin']",['2']
871,NCT00093769,"['bortezomib', 'rituximab']",['2']
872,NCT00001337,['epoch'],['2']
873,NCT00690560,"['cyclophosphamide', 'doxorubicin hydrochloride', 'prednisone', 'vincristine sulfate']",['2']
874,NCT00007839,['beta alethine'],"['1', '2']"
875,NCT00963274,"['bortezomib', 'romidepsin']",['1']
878,NCT00244985,['pegylated liposomal doxorubicin hydrochloride'],"['1', '2']"
879,NCT02339922,['ixazomib citrate'],['2']
880,NCT00322218,['zevalin therapeutic regimen'],['3']
881,NCT00278421,"['cyclophosphamide', 'doxorubicin hydrochloride', 'prednisone', 'vincristine sulfate']",['3']
882,NCT00504751,"['bortezomib', 'dexamethasone', 'ifosfamide', 'mesna', 'cisplatin', 'etoposide', 'rituximab']",['2']
884,NCT01101581,"['veltuzumab', '90y', '90y-epratuzumab tetraxetan', 'veltuzumab']","['1', '2']"
885,NCT01393756,"['lenalidomide', 'r']",['2']
886,NCT00361621,"['bortezomib', 'rituximab', 'cyclophosphamide', 'doxorubicin', 'vincristine', 'prednisone']",['2']
887,NCT01276717,"['drug', 'vorinostat']",['1']
890,NCT01210287,['nucleoside analog reverse transcriptase inhibitor'],"['2', '3']"
891,NCT01421667,"['brentuximab vedotin', 'rituximab']",['2']
897,NCT00450385,"['rituximab', 'cyclophosphamide', 'doxorubicin', 'prednisone', 'vincristine']",['2']
898,NCT01403636,['sar245409'],['2']
899,NCT01987505,['rituximab'],['3']
900,NCT00002757,"['cyclophosphamide', 'cytarabine', 'doxorubicin hydrochloride', 'etoposide', 'methotrexate', 'prednisolone', 'prednisone', 'therapeutic hydrocortisone', 'vincristine sulfate']",['3']
901,NCT00039195,"['carboplatin', 'cyclophosphamide', 'doxorubicin hydrochloride', 'etoposide', 'ifosfamide', 'prednisone', 'vincristine sulfate']",['2']
902,NCT00472056,"['carmustine', 'etoposide', 'cytarabine', 'melphalan', 'rituximab']",['2']
903,NCT00054171,['aminolevulinic acid hydrochloride'],['2']
904,NCT00451178,"['enzastaurin', 'rituximab', 'cyclophosphamide', 'doxorubicin', 'vincristine', 'prednisone']",['2']
905,NCT00902018,['promacta '],['2']
907,NCT00004197,"['cyclophosphamide', 'doxorubicin hydrochloride', 'mitoxantrone hydrochloride', 'prednisone', 'vincristine sulfate']",['2']
908,NCT00493454,"['zevalin', 'rituximab']",['2']
909,NCT00387959,"['cyclophosphamide', 'cyclosporine', 'fludarabine phosphate', 'mycophenolate mofetil']",['2']
910,NCT02597387,['mitoxantrone hcl liposome injection'],['2']
912,NCT00425802,"['cyclophosphamide', 'cyclosporine', 'fludarabine phosphate', 'mycophenolate mofetil']",['2']
914,NCT00644371,['ibritumomab tiuxetan '],['2']
916,NCT01325194,['liposomal cytarabine'],['2']
918,NCT00265928,"['bortezomib', 'rituximab']",['2']
921,NCT00003963,['vinorelbine ditartrate'],['2']
922,NCT00004039,"['cyclophosphamide', 'doxorubicin hydrochloride', 'prednisone', 'vincristine sulfate']",['2']
924,NCT00003397,"['carmustine', 'cisplatin', 'cyclophosphamide', 'dexamethasone', 'etoposide', 'gemcitabine hydrochloride', 'melphalan', 'paclitaxel']",['2']
925,NCT02481310,"['cyclophosphamide', 'cytarabine', 'doxorubicin hydrochloride', 'etoposide', 'ixazomib citrate', 'methotrexate', 'prednisone', 'therapeutic hydrocortisone', 'vincristine sulfate']","['1', '2']"
926,NCT00080847,"['cyclophosphamide', 'doxorubicin hydrochloride', 'vincristine sulfate', 'prednisone']",['2']
927,NCT01318317,['plerixafor'],"['1', '2']"
928,NCT01713582,['otx015'],['1']
929,NCT00080886,"['carmustine', 'cytarabine', 'etoposide', 'melphalan']",['2']
930,NCT01796470,"['entospletinib', 'idelalisib']",['2']
932,NCT00004031,"['chop regimen', 'carmustine', 'cyclophosphamide', 'doxorubicin hydrochloride', 'etoposide', 'prednisone', 'vincristine sulfate']",['3']
937,NCT02732275,['ds-3201b'],['1']
938,NCT00002682,"['amoxicillin', 'bismuth subsalicylate', 'clarithromycin', 'metronidazole hydrochloride', 'omeprazole', 'tetracycline hydrochloride']",['2']
944,NCT00022555,"['bryostatin 1', 'vincristine sulfate']",['1']
945,NCT00491491,['ibritumomab tiuxetan'],['3']
946,NCT00086944,"['ifosfamide', 'carboplatin', 'etoposide']","['1', '2']"
947,NCT00005601,"['cisplatin', 'cytarabine', 'dexamethasone', 'sargramostim']",['2']
948,NCT01853631,"['fludarabine', 'cyclophosphamide']",['1']
951,NCT00058292,"['carmustine', 'cytarabine', 'etoposide', 'melphalan']",['1']
952,NCT00496873,"['cytoxan', 'nipent', 'rituxan']",['2']
953,NCT00040950,['agatolimod sodium'],['1']
954,NCT00389051,['bendamustine hydrochloride'],['1']
956,NCT00049036,"['etoposide', 'doxorubicin hydrochloride', 'vincristine sulfate', 'prednisone', 'cyclophosphamide']",['2']
957,NCT00726700,"['cyclophosphamide', 'doxorubicin hydrochloride', 'prednisone', 'vincristine sulfate']",['2']
958,NCT00006241,['chemotherapy'],['2']
959,NCT00274924,"['carboplatin', 'cyclophosphamide', 'doxorubicin hydrochloride', 'etoposide', 'ifosfamide', 'prednisone', 'vincristine']",['2']
960,NCT00026351,['pentostatin'],['2']
965,NCT01804686,['pci-32765 '],['3']
967,NCT02580552,['mrg-106'],['1']
970,NCT01722305,"['dexamethasone', 'pomalidomide']",['1']
972,NCT02342665,['copanlisib '],"['1', '2']"
973,NCT01281917,"['velcade', 'temsirolimus']",['2']
974,NCT01939327,['lenalidomide'],['2']
976,NCT01729104,"['carfilzomib', 'lenalidomide', 'rituximab']","['1', '2']"
977,NCT00077961,['campath '],"['1', '2']"
980,NCT00055640,"['cyclophosphamide', 'doxorubicin hydrochloride', 'prednisone', 'vincristine sulfate']",['2']
983,NCT01868035,"['tositumomab', 'iodine i']",['2']
985,NCT02594384,"['lam-002a', 'rituximab', 'atezolizumab']",['1']
986,NCT00024115,['bl22 immunotoxin'],['1']
987,NCT00546377,"['cyclophosphamide', 'mitoxantrone hydrochloride', 'pentostatin']","['1', '2']"
988,NCT02500407,"['btct4465a ', 'atezolizumab', 'btct4465a ']",['1']
989,NCT00003650,"['asparaginase', 'cyclophosphamide', 'cytarabine', 'daunorubicin hydrochloride', 'dexamethasone', 'etoposide', 'mercaptopurine', 'methotrexate', 'methylprednisolone', 'mitoxantrone hydrochloride', 'prednisone', 'vincristine sulfate']",['3']
990,NCT00481871,"['pralatrexate injection', 'gemcitabine hydrochloride']","['1', '2']"
993,NCT01897012,"['alisertib', 'romidepsin']",['1']
994,NCT00166439,"['oxaliplatin', 'cytosine arabinoside', 'dexamethasone with rituxan ']",['2']
995,NCT00006669,"['epoch regimen', 'cyclophosphamide', 'doxorubicin hydrochloride', 'etoposide', 'prednisone', 'vincristine sulfate']",['2']
997,NCT02055820,"['venetoclax', 'cyclophosphamide', 'obinutuzumab', 'rituximab', 'doxorubicin', 'vincristine', 'prednisone']","['1', '2']"
998,NCT00028665,"['carmustine', 'cisplatin', 'cyclophosphamide', 'etoposide']",['2']
999,NCT00807495,['alisertib'],['2']
1004,NCT01007292,['ym155'],['2']
1005,NCT01848652,['infusion of myocet'],['2']
1006,NCT02568553,['lenalidomide'],['1']
1007,NCT02142530,"['carfilzomib', 'belinostat']",['1']
1008,NCT00006695,"['carmustine', 'cytarabine', 'etoposide', 'melphalan']",['2']
1010,NCT01206777,['rituximab'],['2']
1012,NCT00032019,"['cyclophosphamide', 'doxorubicin hydrochloride', 'etoposide', 'prednisone', 'vincristine sulfate']",['2']
1018,NCT01410513,['sar245409'],['1']
1019,NCT00022932,['iodine-131 anti'],['2']
1020,NCT00347971,"['recombinant human interleukin 21', 'rituximab']",['1']
1022,NCT00562978,"['cyclophosphamide', 'etoposide']","['1', '2']"
1025,NCT00517049,"['pro95780', 'rituximab']",['2']
1026,NCT00064116,['chop regimen'],['3']
1027,NCT00006708,"['carboplatin', 'etoposide', 'ifosfamide']",['3']
1028,NCT01820910,['doxycycline'],['2']
1029,NCT00562965,"['inotuzumab ozogamicin', 'rituximab', 'cyclophosphamide', 'vincristine', 'prednisone', 'mitoxantrone', 'fludarabine', 'dexamethasone']",['3']
1030,NCT01516606,"['clarithromycin', 'oral', 'high dose']",['2']
1031,NCT01427114,"['rituximab', 'cyclophosphamide', 'vincristine,', 'prednisolone']",['2']
1032,NCT01514344,['intralesional rituximab'],['2']
1033,NCT02393157,"['obinutuzumab', 'liposomal ara', 'ifosfamide', 'carboplatin', 'etoposide']",['2']
1034,NCT00012051,"['carmustine', 'cisplatin', 'cytarabine', 'dexamethasone', 'etoposide', 'ifosfamide', 'melphalan', 'methotrexate']",['3']
1035,NCT00923663,['lenalidomide'],['2']
1037,NCT01015248,"['rituximab', 'bendamustine']",['2']
1038,NCT00400764,"['dulanermin', 'rituximab']","['1', '2']"
1040,NCT01842672,"['clofarabine', 'mitoxantrone']","['1', '2']"
1042,NCT01799889,"['entospletinib', 'entospletinib sdd']",['2']
1044,NCT00656812,"['rituximab', '2-cda']",['2']
1045,NCT00244855,['dexamethasone'],['2']
1046,NCT00453102,"['rituximab', 'ibritumomab tiuxetan']",['2']
1047,NCT00373646,"['thalidomide', 'pharmion']",['2']
1049,NCT02701517,"['cyclosporine', 'methotrexate', 'cyclosporine', 'campath']",['2']
1051,NCT01238146,"['bendamustine hydrochloride', 'obatoclax mesylate']","['1', '2']"
1052,NCT00006383,['liposomal vincristine sulfate'],['2']
1053,NCT00992446,"['bortezomib', 'carmustine', 'cytarabine', 'etoposide', 'melphalan', 'rituximab', 'vorinostat']",['2']
1054,NCT01285765,['rchop21'],['3']
1057,NCT01959477,"['busulfan', 'etoposide', 'cyclophosphamide']",['1']
1060,NCT01805037,['brentuximab vedotin'],"['1', '2']"
1061,NCT00154440,"['proton pump inhibitor', 'clarithromycin', 'amoxicillin', 'metronidazole']",['3']
1062,NCT01314014,['imexon'],['2']
1063,NCT01116154,"['lenalidomide', 'vorinostat']",['1']
1064,NCT01258998,['akt inhibitor mk2206'],['2']
1066,NCT01129193,['ar-42'],['1']
1067,NCT01177371,"['busulfan', 'cyclophosphamide', 'methylprednisolone', 'methotrexate', 'cyclosporine']",['2']
1068,NCT00088881,"['prednisone', 'cyclophosphamide', 'doxorubicin', 'vincristine']",['2']
1072,NCT00601718,"['vorinostat', 'ifosfamide', 'carboplatin', 'etoposide']","['1', '2']"
1073,NCT01419795,['lenalidomide'],['2']
1074,NCT00005950,['nelarabine'],['2']
1075,NCT00499811,['vorinostat'],['1']
1076,NCT00073918,"['cyclophosphamide', 'etoposide']",['2']
1079,NCT01110135,"['bendamustine hydrochloride', 'dexamethasone', 'etoposide']",['2']
1080,NCT02483000,"['carmustine', 'clearing agent', 'cytarabine', 'etoposide', 'melphalan']",['1']
1084,NCT02153580,"['cyclophosphamide', 'bendamustine hydrochloride', 'etoposide', 'fludarabine phosphate']",['1']
1088,NCT02086591,['doxycycline'],['2']
1089,NCT01789255,"['vorinostat', 'tacrolimus', 'cyclosporine', 'methotrexate']",['2']
1092,NCT01658319,"['fludarabine phosphate', 'methoxyamine']",['1']
1094,NCT01760655,"['fludarabine phosphate', 'thiotepa', 'cyclophosphamide', 'tacrolimus', 'mycophenolate mofetil']",['2']
1095,NCT01652014,"['cyclophosphamide', 'fludarabine phosphate', 'mycophenolate mofetil', 'tacrolimus']",['2']
1096,NCT00458731,['cediranib maleate'],['1']
1097,NCT01427881,"['cyclophosphamide', 'cyclosporine', 'fludarabine phosphate', 'busulfan']",['2']
1098,NCT01273766,['deferasirox'],['2']
1100,NCT01158274,"['gamma-secretase', 'capecitabine']",['1']
1101,NCT01093586,"['busulfan', 'cyclophosphamide', 'anti-thymocyte globulin', 'methylprednisolone', 'cyclosporine', 'mycophenolate mofetil']",['2']
1102,NCT00058227,"['alvocidib', 'fludarabine phosphate']",['1']
1103,NCT00890747,['sunitinib malate'],['1']
1104,NCT00644189,['clofarabine'],"['1', '2']"
1106,NCT00072514,"['gemcitabine hydrochloride', 'carboplatin', 'dexamethasone']",['2']
1107,NCT00118352,"['fludarabine phosphate', 'cyclosporine', 'mycophenolate mofetil']",['2']
1109,NCT01261247,['panobinostat'],['2']
1110,NCT00058305,"['bryostatin 1', 'vincristine sulfate']",['2']
1112,NCT00089011,"['fludarabine phosphate', 'mycophenolate mofetil', 'tacrolimus']",['2']
1113,NCT00006251,"['fludarabine phosphate', 'cyclosporine', 'mycophenolate mofetil']","['1', '2']"
1117,NCT00049504,"['cyclophosphamide', 'fludarabine phosphate', 'tacrolimus', 'mycophenolate mofetil']",['2']
1118,NCT00118170,['sorafenib tosylate'],['1']
1119,NCT00006473,['oxaliplatin'],['2']
1120,NCT00068315,"['bortezomib', 'fludarabine phosphate']",['1']
1121,NCT00918333,"['panobinostat', 'everolimus']","['1', '2']"
1122,NCT00019708,['tanespimycin'],['1']
1123,NCT00060112,['gemcitabine hydrochloride'],['1']
1124,NCT00101244,['ispinesib'],['1']
1125,NCT00293345,"['gemcitabine hydrochloride', 'triapine']",['1']
1126,NCT01251575,"['cyclosporine', 'fludarabine phosphate', 'mycophenolate mofetil', 'sirolimus']",['2']
1127,NCT00348985,"['belinostat', 'bortezomib']",['1']
1128,NCT01035463,"['lenalidomide', 'carmustine', 'etoposide', 'cytarabine', 'melphalan']","['1', '2']"
1129,NCT01075321,"['everolimus', 'lenalidomide']","['1', '2']"
1131,NCT00275080,"['vorinostat', 'decitabine']",['1']
1132,NCT00112723,['alvocidib'],"['1', '2']"
1133,NCT00354185,"['tanespimycin', 'belinostat']",['1']
1134,NCT00089271,['alvespimycin hydrochloride'],['1']
1135,NCT01460134,['cdx-1127'],['1']
1137,NCT00098891,"['entinostat', 'isotretinoin']",['1']
1138,NCT01529827,"['fludarabine phosphate', 'melphalan', 'tacrolimus', 'mycophenolate mofetil', 'methotrexate']",['2']
1140,NCT01484015,['cefepime hydrochloride'],['1']
1141,NCT00096005,"['tanespimycin', 'bortezomib']",['1']
1142,NCT01384513,"['fludarabine', 'busulfan', 'cyclophosphamide ', 'tacrolimus', 'mycophenolate mofetil']",['2']
1143,NCT00077155,['cilengitide'],['1']
1145,NCT01159067,['deferasirox'],['2']
1146,NCT00891072,"['paclitaxel', 'carboplatin']",['1']
1149,NCT01044745,"['rituximab', 'mycophenolate mofetil', 'tacrolimus', 'anti-thymocyte globulin', 'cyclophosphamide', 'fludarabine phosphate', 'busulfan']",['2']
1150,NCT00003970,['irinotecan hydrochloride'],['1']
1151,NCT00004241,['tanespimycin'],['1']
1154,NCT00795769,['ondansetron'],['2']
1158,NCT00054483,['bortezomib'],['1']
1159,NCT00489203,"['beclomethasone dipropionate', 'placebo', 'tacrolimus', 'methotrexate']",['2']
1161,NCT00343798,"['cyclophosphamide', 'fludarabine phosphate', 'cyclosporine', 'mycophenolate mofetil']",['1']
1163,NCT00103272,"['tanespimycin', 'bortezomib']",['1']
1166,NCT00078858,"['fludarabine phosphate', 'cyclosporine', 'mycophenolate mofetil']","['1', '2']"
1167,NCT00025415,['imatinib mesylate'],['1']
1168,NCT00040846,"['fludarabine phosphate', 'mycophenolate mofetil', 'cyclosporine']",['2']
1169,NCT01953692,['lenalidomide'],['1']
1170,NCT00051597,['sgn-30 '],"['1', '2']"
1172,NCT00980304,['rituximab'],['2']
1176,NCT01994382,['cerdulatinib '],"['1', '2']"
1179,NCT01744912,"['ublituximab', 'lenalidomide']","['1', '2']"
1182,NCT02532257,"['lenalidomide', 'rituximab', 'ibrutinib']",['2']
1186,NCT02337985,"['prednisone', 'etoposide', 'doxorubicin hydrochloride', 'vincristine sulfate', 'cyclophosphamide']",['1']
1187,NCT01121757,"['azacitidine', 'lenalidomide']",['2']
1189,NCT00566332,"['chlorambucil', 'fludarabine']",['3']
1191,NCT00117156,"['fludarabine', 'rituximab']",['2']
1195,NCT01921387,"['carmustine', 'cytarabine', 'etoposide', 'melphalan']","['1', '2']"
1198,NCT02278796,"['beeam', 'beam']",['2']
1201,NCT02722668,"['fludarabine', 'cyclophosphamide', 'mmf', 'sirolimus']",['2']
1202,NCT00697346,['alisertib'],['1']
1203,NCT01163201,"['fludarabine', 'cyclophosphamide']","['1', '2']"
1204,NCT02661035,"['allopurinol', 'fludarabine', 'cyclophosphamide', 'atg', 'tacrolimus', 'mmf']",['2']
1205,NCT00880815,"['bendamustine', 'fludarabine', 'methotrexate', 'tacrolimus']",['1']
1206,NCT01028716,"['cyclophosphamide', 'fludarabine phosphate', 'mycophenolate mofetil', 'tacrolimus']",['2']
1208,NCT02376699,"['iv sea', 'pembrolizumab', 'sc sea']",['1']
1210,NCT01177397,['cc-223'],"['1', '2']"
1211,NCT00017381,['cyclophosphamide'],['1']
1213,NCT00093314,['humax-cd20'],"['1', '2']"
1216,NCT02227108,['moxetumomab pasudotox'],['2']
1217,NCT01231412,"['cyclosporine', 'fludarabine phosphate', 'mycophenolate mofetil', 'sirolimus']",['3']
1218,NCT00789776,"['cyclophosphamide', 'fludarabine phosphate', 'mycophenolate mofetil', 'tacrolimus']","['1', '2']"
1223,NCT00075478,"['fludarabine phosphate', 'mycophenolate mofetil', 'cyclosporine']",['3']
1224,NCT01527045,"['atorvastatin calcium', 'cyclosporine', 'fludarabine phosphate', 'mycophenolate mofetil']",['2']
1225,NCT01326702,"['bendamustine hydrochloride', 'veliparib']","['1', '2']"
1228,NCT00608361,['dasatinib'],['1']
1231,NCT01938001,"['rituximab', 'lenalidomide', 'placebo']",['3']
1235,NCT00373906,['bortezomib '],['2']
1236,NCT02424968,"['cyclosporine', 'mycophenolate mofetil']",['2']
1238,NCT01500538,"['eltrombopag', 'vorinostat']",['2']
1239,NCT01460602,"['mtd of velcade', 'nipent', 'rituxan established in part 1']","['1', '2']"
1240,NCT02440685,"['asn002 dose escalation', 'asn002 rd']","['1', '2']"
1241,NCT01254578,['lenalidomide'],['1']
1242,NCT02599194,['fluorine f 18 l'],['2']
1244,NCT02208037,"['tacrolimus ', 'tacrolimus ', 'methotrexate ', 'methotrexate ', 'maraviroc', 'bortezomib', 'mycophenolate mofetil', 'cyclophosphamide']",['2']
1248,NCT00933985,"['dexrazoxane hydrochloride', 'doxorubicin hydrochloride', 'obatoclax mesylate', 'liposomal vincristine sulfate']",['1']
1251,NCT02576275,"['duvelisib', 'placebo', 'rituximab', 'bendamustine']",['3']
1252,NCT00323323,"['chop', 'alemtuzumab']",['1']
1253,NCT00801281,"['rituximab', 'cyclophosphamide', 'doxorubicin', 'vincristine', 'prednisone 1', 'prednisone 2']",['3']
1254,NCT01306643,['idelalisib'],"['1', '2']"
1255,NCT00695786,['lenalidomide'],['2']
1257,NCT00991211,"['bendamustine', 'standard chemotherapy chop', 'ritiximab']",['3']
1258,NCT00253630,['vorinostat'],['2']
1260,NCT02258555,['gs-9901'],['1']
1261,NCT00877214,"['rituximab', 'rituximab ']",['3']
1262,NCT00180895,['rituximab'],['2']
1263,NCT01292135,['pci-32765'],['1']
1264,NCT01381692,"['bortezomib', 'dexamethasone', 'temsirolimus']","['1', '2']"
1265,NCT00538187,"['obatoclax mesylate', 'bortezomib']",['1']
1266,NCT00438880,['agatolimod sodium'],"['1', '2']"
1267,NCT00711828,"['bortezomib', 'cyclophosphamide', 'dexamethasone']",['2']
1269,NCT01728207,['immu-114'],['1']
1271,NCT01076543,"['lenalidomide', 'temsirolimus']","['1', '2']"
1272,NCT00082888,['tipifarnib'],['2']
1274,NCT01421524,['cc-122'],['1']
1277,NCT01231919,['akt inhibitor mk2206'],['1']
1278,NCT01700946,"['dexamethasone', 'vincristine sulfate', 'clofarabine', 'cyclophosphamide', 'etoposide', 'pegaspargase', 'methotrexate', 'mercaptopurine', 'cytarabine', 'mitoxantrone', 'teniposide', 'vinblastine', 'therapeutic hydrocortisone']",['2']
1279,NCT00723099,"['cyclophosphamide', 'cyclosporine', 'fludarabine phosphate', 'mycophenolate mofetil']",['2']
1280,NCT00719888,"['cyclophosphamide', 'cyclosporine', 'fludarabine phosphate', 'mycophenolate mofetil']",['2']
1281,NCT00105001,"['fludarabine phosphate', 'tacrolimus', 'mycophenolate mofetil', 'sirolimus']",['2']
1282,NCT01232556,"['inotuzumab ozogamicin', 'rituximab', 'rituximab', 'gemcitabine', 'rituximab +bendamustine']",['3']
1283,NCT02203526,"['ibrutinib', 'teddi', 'cytarabine', 'tedd']",['1']
1284,NCT00052923,"['carmustine', 'cyclophosphamide', 'etoposide']",['3']
1285,NCT01300026,['amg 319'],['1']
1290,NCT00187161,"['prednison', 'vincristine', 'cytarabine', 'methotrexate', 'etoposide', 'cyclophosphamide', 'doxorubicin']",['2']
1293,NCT00582725,['r-chop+gm'],['2']
1296,NCT00006436,['epoch'],['2']
1297,NCT02669017,['adct-402'],['1']
1301,NCT01786096,['sgn-cd19a'],['1']
1303,NCT00691652,['clofarabine'],"['1', '2']"
1306,NCT00471367,['azd4877'],['1']
1308,NCT02626455,"['copanlisib ', 'placebo', 'rituximab', 'cyclophosphamide', 'doxorubicin', 'vincristine', 'bendamustine', 'prednisone']",['3']
1309,NCT00057811,"['doxorubicin hydrochloride', 'cyclophosphamide', 'methotrexate', 'rasburicase', 'leucovorin calcium', 'prednisone', 'methylprednisolone', 'cytarabine', 'etoposide', 'vincristine sulfate', 'hydrocortisone sodium succinate']",['2']
1311,NCT02685670,"['fludarabine', 'cyclophosphamide']","['1', '2']"
1317,NCT01105247,['pci-32765'],"['1', '2']"
1319,NCT00275431,['at-101'],['2']
1320,NCT00003163,"['cyclophosphamide', 'melphalan']",['2']
1321,NCT00295932,"['bortezomib', 'cyclophosphamide', 'prednisone']","['1', '2']"
1322,NCT00004086,"['cisplatin', 'cytarabine', 'etoposide', 'ifosfamide']",['1']
1323,NCT01686165,['belinostat'],['2']
1324,NCT02454270,"['part 1 ', 'part 2 ']",['1']
1328,NCT00837174,['vorinostat in combination with bortezomib'],['2']
1329,NCT00058461,"['ifosfamide', 'etoposide', 'carboplatin', 'methotrexate', 'cytarabine']",['2']
1330,NCT02733042,"['durvalumab', 'lenalidomide', 'rituximab', 'ibrutinib', 'bendamustine']","['1', '2']"
1332,NCT02181218,"['romidepsin', 'gemcitabine', 'oxaliplatin', 'dexamethasone', 'pegfilgrastim']",['1']
1333,NCT00100737,"['interleukin-2', 'rituximab']",['2']
1334,NCT00199082,"['adriamycin', 'cyclophosphamide', 'cytarabine', 'dexamethasone', 'vp16', 'ifosfamide', 'methotrexate', 'g-csf', 'rituximab', 'vincristine']",['4']
1337,NCT00289562,['forodesine hydrochloride '],"['1', '2']"
1340,NCT00003151,"['amoxicillin', 'clarithromycin', 'metronidazole hydrochloride', 'omeprazole', 'tetracycline hydrochloride']",['2']
1342,NCT00126646,['bl22 immunotoxin'],['1']
1346,NCT01860937,['cyclophosphamide based chemotherapy regimens'],['1']
1347,NCT00052416,['thalidomide'],['1']
1349,NCT00005580,"['bryostatin 1', 'fludarabine phosphate']",['1']
1350,NCT00002908,"['bryostatin 1', 'vincristine sulfate']",['2']
1351,NCT00006252,"['fludarabine phosphate', 'cyclophosphamide', 'g-csf']",['2']
1354,NCT00671112,"['bortezomib', 'everolimus']",['1']
1355,NCT01181271,"['busulfan ', 'etoposide ', 'cyclophosphamide ', 'mesna ', 'neupogen', 'fludarabine ', 'busulfan ', 'tacrolimus', 'sirolimus', 'methotrexate']",['2']
1357,NCT00511043,['ptk787'],['2']
1359,NCT02216890,['sgn-cd70a'],['1']
1363,NCT00962507,"['everolimus', 'panobinostat']",['1']
1365,NCT00101205,"['oxaliplatin', 'etoposide']",['1']
1366,NCT02432235,['adct-301'],['1']
1367,NCT00612716,"['busulfan', 'cyclophosphamide']",['2']
1369,NCT00474929,"['rad001', 'sorafenib']","['1', '2']"
1371,NCT01609816,['dasatinib'],"['1', '2']"
1372,NCT00470405,"['oxaliplatin', 'pemetrexed disodium']",['1']
1373,NCT02167360,['ctl019'],['2']
1375,NCT00734890,['vandetanib'],['1']
1379,NCT00646139,['src kinase inhibitor kx2'],['1']
1380,NCT00048737,"['zevalin radioimmunotherapy', 'rituximab', 'fludarabine', 'cyclophosphamide']","['1', '2']"
1382,NCT00003166,"['bryostatin 1', 'vincristine sulfate']",['1']
1383,NCT01643603,['dasatinib'],"['1', '2']"
1387,NCT00818961,"['busulfan', 'cyclophosphamide', 'fludarabine phosphate', 'methotrexate', 'tacrolimus']",['2']
1390,NCT01118013,"['busulfan', 'fludarabine phosphate', 'methotrexate', 'mycophenolate mofetil', 'tacrolimus']",['2']
1393,NCT01116232,"['sirolimus', 'tacrolimus']",['2']
1394,NCT01101412,"['edetate calcium disodium', 'ethanol', 'trimethoprim-sulfamethoxazole']","['1', '2']"
1395,NCT00827099,"['fludarabine phosphate', 'melphalan', 'mycophenolate mofetil', 'tacrolimus']",['2']
1396,NCT00799136,"['r-epoch', 'cart']",['2']
1403,NCT00800150,"['fludarabine phosphate', 'melphalan']",['1']
1405,NCT02215629,['vs-4718'],['1']
1412,NCT00719563,['american ginseng'],['3']
1414,NCT01316744,['ketamine hydrochloride'],['3']
1416,NCT00589563,"['cyclophosphamide', 'etoposide', 'fludarabine phosphate', 'melphalan', 'methotrexate', 'sirolimus', 'tacrolimus']",['2']
1417,NCT00383565,['romidepsin'],['2']
1419,NCT01685021,['mor00208 '],['2']
1421,NCT00006362,['bortezomib'],['1']
1422,NCT00237627,"['ps-341', 'doxil', 'velcade']","['1', '2']"
1424,NCT00001237,['granulocyte-macrophage colony stimulating factor '],['2']
1431,NCT00293488,['polyamine analogue pg11047'],['1']
1432,NCT00081809,['autologous human tumor'],['2']
1436,NCT00002829,"['cyclophosphamide', 'etoposide', 'mesna']",['2']
1437,NCT01429025,"['bendamustine', 'lenalidomide']",['1']
1438,NCT00784927,"['cyclophosphamide', 'dexamethasone', 'lenalidomide']",['2']
1441,NCT00720876,['vorinostat'],['2']
1443,NCT00381680,"['vincristine sulfate', 'prednisone', 'doxorubicin hydrochloride', 'pegaspargase', 'cytarabine', 'methotrexate', 'dexamethasone', 'etoposide', 'cyclophosphamide', 'leucovorin calcium', 'asparaginase', 'mercaptopurine']",['3']
1444,NCT01207388,['blinatumomab'],['2']
1445,NCT01307267,"['pf-05082566', 'rituximab']",['1']
1446,NCT02721407,['retroviral vector'],['1']
1448,NCT02303392,"['selinexor', 'ibrutinib']",['1']
1449,NCT00278161,['cyclophosphamide'],['2']
1450,NCT00589381,['fenretinide lipid matrix'],['1']
1451,NCT00392691,"['ibritumomab tiuxetan', 'rituximab', 'melphalan', 'vinorelbine tartrate ']",['1']
1452,NCT01719250,['buparlisib'],['1']
1454,NCT00551239,"['fludarabine phosphate', 'pixantrone dimaleate']",['3']
1455,NCT00238433,"['busulfan', 'melphalan', 'thiotepa']",['2']
1457,NCT00436618,['everolimus'],['2']
1459,NCT00278382,['sorafenib tosylate'],['2']
1461,NCT00002779,"['fludarabine phosphate', 'octreotide acetate']",['2']
1462,NCT00003663,['dexamethasone'],['2']
1463,NCT00003605,['cyclophosphamide'],['2']
1464,NCT00002725,"['bryostatin 1', 'chemotherapy']",['2']
1465,NCT00183976,['pegylated liposomal doxorubicin '],['2']
1467,NCT00005613,"['cyclophosphamide', 'etoposide', 'bcnu']",['2']
1468,NCT00003639,"['chlorambucil', 'dexamethasone', 'idarubicin']",['3']
1469,NCT00003143,"['amifostine', 'dhap']",['2']
1471,NCT00004112,"['chop regimen', 'cyclophosphamide', 'doxorubicin hydrochloride', 'prednisone', 'vincristine sulfate']",['3']
1472,NCT00002481,"['cisplatin', 'cyclophosphamide', 'cytarabine', 'dexamethasone', 'etoposide']",['2']
1474,NCT00021372,"['estramustine phosphate sodium', 'paclitaxel']",['2']
1477,NCT00007852,"['carmustine', 'cytarabine', 'etoposide', 'melphalan']",['2']
1480,NCT00109824,"['decitabine', 'valproic acid']",['1']
1482,NCT00003245,['irinotecan hydrochloride'],['2']
1483,NCT00004908,['cyclophosphamide'],['2']
1485,NCT00390117,['cdki at7519'],['1']
1486,NCT00443976,['aurora kinase inhibitor at9283'],['1']
1487,NCT00008021,"['cyclosporine', 'paclitaxel']",['1']
1488,NCT00005998,"['carmustine', 'cyclophosphamide', 'cytarabine', 'dexamethasone', 'etoposide', 'filgrastim', 'mitoxantrone hydrochloride', 'retrovirus vector ln']",['2']
1489,NCT00352443,"['everolimus', 'lapatinib ditosylate']",['1']
1491,NCT00009776,"['cyclosporine', 'paclitaxel']",['1']
1492,NCT00002697,"['carboplatin', 'etoposide', 'ifosfamide']",['2']
1493,NCT00052936,"['chop regimen', 'cyclophosphamide', 'doxorubicin hydrochloride', 'prednisone', 'vincristine sulfate']",['3']
1494,NCT00004192,"['cisplatin', 'cytarabine', 'etoposide', 'methylprednisolone']",['2']
1495,NCT00005993,"['aldesleukin', 'filgrastim', 'recombinant human stem cell factor']",['1']
1496,NCT00057954,"['pentostatin', 'cyclosporin ', 'mycophenolate mofetil ', 'methotrexate ']",['2']
1500,NCT00006373,"['etoposide', 'ifosfamide', 'topotecan hydrochloride', 'mesna']",['2']
1501,NCT00003414,"['busulfan', 'cyclophosphamide', 'cyclosporine']",['3']
1504,NCT00045500,"['7-hydroxystaurosporine', 'prednisone']",['1']
1506,NCT00088868,['alvespimycin hydrochloride'],['1']
1508,NCT00791011,['amg 655'],['1']
1509,NCT00002552,"['carmustine', 'cyclophosphamide', 'cytarabine', 'etoposide', 'leucovorin calcium', 'methotrexate', 'perfosfamide', 'therapeutic hydrocortisone']",['2']
1510,NCT00002946,['penclomedine'],['1']
1511,NCT00004057,"['l-778,123', 'paclitaxel']",['1']
1512,NCT00002909,"['chemotherapy', 'oral sodium phenylbutyrate']",['1']
1513,NCT00018954,"['asparaginase', 'cyclophosphamide', 'cytarabine', 'daunorubicin hydrochloride', 'doxorubicin hydrochloride', 'etoposide', 'ifosfamide', 'mercaptopurine', 'methotrexate', 'prednisone', 'vincristine sulfate']",['2']
1514,NCT00023816,['carbendazim'],['1']
1515,NCT00007865,"['carboplatin', 'etoposide', 'ifosfamide']",['2']
1516,NCT00004907,"['busulfan', 'cyclophosphamide', 'etoposide']","['1', '2']"
1517,NCT00027937,"['busulfan', 'cyclophosphamide', 'melphalan', 'paclitaxel', 'thiotepa']",['2']
1518,NCT02129062,['ibrutinib'],['2']
1519,NCT02101853,"['asparaginase', 'cyclophosphamide', 'cytarabine', 'dexamethasone', 'etoposide', 'leucovorin calcium', 'mercaptopurine', 'methotrexate', 'mitoxantrone hydrochloride', 'pegaspargase', 'therapeutic hydrocortisone', 'thioguanine', 'vincristine sulfate']",['3']
1522,NCT00004075,['tanespimycin'],['1']
1523,NCT00324597,"['gemcitabine hydrochloride', 'motesanib diphosphate']",['1']
1526,NCT00049400,['bms-247550'],['1']
1527,NCT00004002,['bortezomib'],['1']
1529,NCT00019838,"['7-hydroxystaurosporine', 'fludarabine phosphate']",['1']
1530,NCT00047021,"['cytarabine', 'mitoxantrone hydrochloride']",['2']
1531,NCT00005021,"['carboplatin', 'paclitaxel', 'topotecan hydrochloride']",['1']
1532,NCT00016172,"['pegylated liposomal doxorubicin hydrochloride', 'picoplatin']",['1']
1533,NCT00003368,['irinotecan hydrochloride'],['1']
1534,NCT01490723,"['rituximab', '111in ibritumomab', '90y ibritumomabtiuxetan', 'fludarabine', 'bendamustine', 'thymoglobulin', 'tacrolimus', 'methotrexate', 'mycophenolate', 'g-csf']",['2']
1535,NCT00659568,"['metformin hydrochloride', 'temsirolimus']",['1']
1536,NCT00002625,['topotecan hydrochloride'],['1']
1537,NCT00003056,"['cyclosporine', 'cyclosporine', 'methotrexate']",['3']
1538,NCT00020579,['entinostat'],['1']
1541,NCT00003956,"['fluorouracil', 'leucovorin calcium', 'lonafarnib']",['1']
1542,NCT00025129,['laromustine'],['1']
1543,NCT00003993,['bryostatin 1'],['1']
1545,NCT00002862,['perillyl alcohol'],['1']
1547,NCT00005626,['irinotecan'],['2']
1549,NCT00002553,['cyclophosphamide'],['2']
1550,NCT01408160,['cytarabine'],['1']
1551,NCT00019019,"['carboxyamidotriazole', 'paclitaxel']",['1']
1552,NCT00003567,"['o6-benzylguanine', 'carmustine', 'temozolomide']",['1']
1553,NCT00005590,['levofloxacin'],['3']
1554,NCT00052572,['ixabepilone'],['2']
1557,NCT00002759,"['cyclosporine', 'irinotecan hydrochloride', 'phenobarbital']",['1']
1558,NCT00003885,['arsenic trioxide'],['2']
1559,NCT00002657,"['cyclophosphamide', 'cytarabine', 'doxorubicin hydrochloride', 'etoposide', 'methotrexate', 'prednisone', 'vincristine sulfate']",['2']
1561,NCT00003294,"['amifostine trihydrate', 'carboplatin', 'paclitaxel']",['1']
1562,NCT00513474,"['busulfan', 'cyclophosphamide', 'cyclosporin-a', 'etoposide', 'methotrexate', 'rasburicase', 'sirolimus', 'tacrolimus', 'fludarabine', 'allopurinol']",['1']
1563,NCT00004061,"['cyclophosphamide', 'etoposide', 'ifosfamide']",['2']
1564,NCT00003289,['7-hydroxystaurosporine'],['1']
1565,NCT00317785,"['cyclophosphamide', 'cyclosporine', 'methotrexate', 'mycophenolate mofetil', 'sirolimus', 'tacrolimus']",['2']
1566,NCT02378038,['pnt2258'],['2']
1567,NCT00816413,"['cyclosporine', 'mycophenolate mofetil', 'pentostatin']","['1', '2']"
1569,NCT00787761,"['busulfan', 'cyclophosphamide', 'fludarabine phosphate', 'methotrexate', 'tacrolimus']",['2']
1570,NCT00740467,"['busulfan', 'cyclophosphamide', 'cyclosporine', 'fludarabine phosphate', 'mycophenolate mofetil']",['2']
1573,NCT00445497,"['amoxicillin-clavulanate potassium', 'ciprofloxacin']",['3']
1576,NCT00006221,['ixabepilone'],['1']
1577,NCT00005639,"['azacitidine', 'sodium phenylbutyrate']",['1']
1578,NCT00031941,['lenalidomide'],['1']
1579,NCT00004189,"['becatecarin', 'cisplatin']",['1']
1580,NCT00004105,"['estramustine phosphate sodium', 'paclitaxel', 'vinorelbine ditartrate']","['1', '2']"
1583,NCT00806767,"['busulfan', 'fludarabine phosphate']",['2']
1584,NCT00006019,"['azacitidine', 'sodium phenylbutyrate']",['2']
1588,NCT00691015,"['busulfan', 'carmustine', 'cyclophosphamide', 'cytarabine', 'etoposide', 'fludarabine phosphate', 'melphalan', 'anti-thymocyte globulin iv']",['2']
1590,NCT00755040,['cyclosporine ophthalmic emulsion'],['3']
1591,NCT01775475,"['cyclophosphamide', 'doxorubicin hydrochloride', 'vincristine sulfate', 'prednisone', 'lomustine', 'etoposide', 'procarbazine hydrochloride']",['2']
1592,NCT00049699,['laromustine'],['1']
1593,NCT00003395,['arsenic trioxide'],['1']
1595,NCT00301951,"['busulfan', 'fludarabine phosphate', 'mycophenolate mofetil', 'tacrolimus']",['1']
1596,NCT00019344,['alvocidib'],['1']
1597,NCT00004114,"['cyclophosphamide', 'cytarabine', 'fludarabine phosphate']",['1']
1598,NCT00019513,"['fluorouracil', 'gemcitabine hydrochloride', 'leucovorin calcium']",['1']
1600,NCT00448201,"['busulfan', 'fludarabine phosphate', 'methotrexate', 'tacrolimus']",['2']
1601,NCT00448357,"['busulfan', 'fludarabine phosphate', 'tacrolimus', 'methotrexate']","['1', '2']"
1602,NCT00661999,['sodium ferric gluconate complex in sucrose'],['3']
1604,NCT00611351,"['busulfan', 'cyclophosphamide', 'mycophenolate mofetil', 'tacrolimus']",['2']
1605,NCT00544115,"['busulfan', 'cyclophosphamide', 'cyclosporine', 'etoposide', 'fludarabine phosphate', 'melphalan', 'methotrexate', 'mycophenolate mofetil', 'sirolimus', 'tacrolimus']",['2']
1606,NCT00104923,['fenretinide'],['1']
1612,NCT00424242,['pemetrexed'],['1']
1613,NCT00365287,"['anti-thymocyte globulin', 'cyclophosphamide', 'cyclosporine', 'fludarabine phosphate', 'mycophenolate mofetil']","['1', '2']"
1614,NCT00416624,"['darbepoetin alfa', 'epoetin alfa']",['2']
1615,NCT00410657,"['methylprednisolone', 'prednisone']",['2']
1616,NCT00002502,"['busulfan', 'cyclophosphamide', 'cytarabine']",['2']
1617,NCT00005854,"['cyclophosphamide', 'cyclosporine', 'methotrexate']",['2']
1618,NCT00134017,"['busulfan', 'cyclophosphamide']",['2']
1619,NCT00134004,"['cyclophosphamide', 'fludarabine phosphate', 'mycophenolate mofetil', 'tacrolimus']",['2']
1620,NCT00003396,"['cyclophosphamide', 'melphalan']",['2']
1621,NCT00003269,"['amifostine trihydrate', 'cisplatin', 'cyclophosphamide', 'etoposide']",['2']
1624,NCT00002818,"['cytarabine', 'deoxycytidine']",['1']
1625,NCT00006098,['bortezomib'],['1']
1626,NCT00006350,"['mycophenolate mofetil', 'tacrolimus']",['2']
1628,NCT00005946,"['cyclophosphamide', 'etoposide']",['1']
1629,NCT00003572,"['mycophenolate mofetil', 'tacrolimus']",['2']
1630,NCT00004145,"['cyclophosphamide', 'fludarabine phosphate']",['2']
1633,NCT00324324,"['moxifloxacin hydrochloride', 'placebo']",['3']
1634,NCT01925131,"['cyclophosphamide', 'vincristine sulfate', 'prednisone']",['1']
1635,NCT00002989,"['busulfan', 'cyclophosphamide', 'idarubicin', 'melphalan']",['3']
1636,NCT00301912,"['busulfan', 'fludarabine phosphate', 'methotrexate', 'tacrolimus']",['2']
1640,NCT00281879,"['busulfan', 'carmustine', 'cyclophosphamide', 'cyclosporine', 'cytarabine', 'etoposide', 'fludarabine phosphate', 'melphalan', 'methotrexate', 'methylprednisolone', 'mycophenolate mofetil', 'tacrolimus']",['2']
1643,NCT00006340,"['arginine butyrate', 'ganciclovir']",['1']
1647,NCT00245037,"['busulfan', 'cyclosporine', 'fludarabine phosphate', 'mycophenolate mofetil', 'granulocyte colony', 'phenytoin', 'methotrexate']","['1', '2']"
1649,NCT00062140,['cyclophosphamide'],['1']
1650,NCT00003661,"['busulfan', 'cyclosporine', 'melphalan', 'methylprednisolone']",['2']
1651,NCT00002750,['melphalan'],['1']
1652,NCT00003270,"['busulfan', 'cyclophosphamide', 'cyclosporine', 'methylprednisolone']",['2']
1654,NCT00008307,"['cyclosporine', 'fludarabine phosphate', 'melphalan', 'methylprednisolone', 'mycophenolate mofetil']",['2']
1655,NCT00994500,"['vorinostat', 'bortezomib']",['1']
1656,NCT00109993,"['methylprednisolone', 'tacrolimus']",['2']
1657,NCT00004239,['compound 506u78'],['1']
1658,NCT00020865,"['cefepime hydrochloride', 'levofloxacin']",['3']
1660,NCT00004132,"['cyclophosphamide', 'etoposide', 'ifosfamide']",['2']
1662,NCT00005852,"['cyclophosphamide', 'cyclosporine', 'methylprednisolone']",['2']
1663,NCT00096096,"['mycophenolate mofetil', 'tacrolimus']",['2']
1665,NCT00538850,"['fentanyl sublingual spray', 'placebo']",['3']
1666,NCT00003425,"['amifostine trihydrate', 'cyclophosphamide', 'melphalan']","['1', '2']"
1668,NCT00003331,"['fluorouracil', 'leucovorin calcium', 'topotecan hydrochloride']",['1']
1669,NCT00003398,"['cyclophosphamide', 'thiotepa']",['4']
1670,NCT00004036,"['amifostine trihydrate', 'carboplatin', 'cyclophosphamide']",['1']
1671,NCT00002980,['decitabine'],['1']
1673,NCT00003406,"['carboplatin', 'docetaxel', 'ifosfamide']","['1', '2']"
1674,NCT00080925,"['cyclophosphamide', 'cyclosporine', 'cytarabine', 'doxorubicin hydrochloride', 'etoposide', 'fludarabine phosphate', 'prednisone', 'vincristine sulfate']",['1']
1676,NCT00004258,['cilengitide'],['1']
1678,NCT00089037,"['methotrexate', 'sirolimus', 'tacrolimus']","['1', '2']"
1681,NCT00003805,"['piperacillin sodium', 'piperacillin-tazobactam', 'tazobactam sodium', 'vancomycin']",['3']
1683,NCT00006083,['fragmin'],['3']
1684,NCT00005634,['vorinostat'],['1']
1686,NCT00006042,"['cyclophosphamide', 'fludarabine phosphate', 'mycophenolate mofetil', 'tacrolimus']",['1']
1688,NCT00003116,"['busulfan', 'cyclophosphamide', 'cyclosporine']",['2']
1689,NCT00027560,"['cyclosporine', 'fludarabine phosphate', 'melphalan']",['2']
1690,NCT00006348,['ondansetron'],['3']
1691,NCT00010283,['beclomethasone dipropionate'],"['1', '2']"
1692,NCT00019656,['perifosine'],['1']
1693,NCT00005967,['tipifarnib'],['1']
1694,NCT00003335,"['busulfan', 'cyclosporine', 'melphalan', 'methylprednisolone']",['2']
1699,NCT00004904,"['cladribine', 'cyclophosphamide', 'etoposide', 'methylprednisolone', 'tacrolimus']",['1']
1701,NCT00005804,['cyclophosphamide'],['2']
1704,NCT00357084,"['methotrexate', 'methylprednisolone', 'prednisone']",['2']
1705,NCT00042900,['pyroxamide'],['1']
1706,NCT00054236,"['cyclophosphamide', 'fludarabine phosphate', 'methylprednisolone']",['1']
1707,NCT00053196,"['busulfan', 'fludarabine phosphate', 'methotrexate', 'mycophenolate mofetil', 'tacrolimus', 'allopurinol']",['2']
1708,NCT00053989,"['cyclophosphamide', 'fludarabine phosphate', 'methylprednisolone', 'mycophenolate mofetil', 'tacrolimus']",['2']
1709,NCT00064311,['ravuconazole'],"['1', '2']"
1713,NCT00004232,"['cyclosporine', 'methylprednisolone', 'prednisone']",['1']
1715,NCT00060255,"['busulfan', 'carboplatin', 'carmustine', 'cyclophosphamide', 'etoposide', 'melphalan', 'thiotepa']",['2']
1716,NCT01943682,['cpx-351'],['1']
1718,NCT00003816,"['busulfan', 'carboplatin', 'cyclophosphamide', 'etoposide', 'fludarabine phosphate', 'melphalan', 'thiotepa']","['2', '3']"
1719,NCT00003687,"['dextromethorphan hydrobromide', 'morphine sulfate']",['3']
1720,NCT00006379,"['cyclophosphamide', 'fludarabine phosphate']",['2']
1723,NCT00036790,"['doxorubicin hydrochloride', 'motexafin gadolinium']",['1']
1725,NCT00110045,['caspofungin acetate'],['2']
1727,NCT01961063,['busulfan'],['1']
1728,NCT02585947,['tenofovir'],['4']
1729,NCT00131937,['sorafenib tosylate'],['2']
1730,NCT00089141,"['mycophenolate mofetil', 'placebo']",['3']
1731,NCT00217412,"['vorinostat', 'isotretinoin']",['1']
1733,NCT00004230,"['captopril', 'cyclophosphamide']",['3']
1734,NCT00014391,['ribavirin'],['3']
1735,NCT00003883,"['fluconazole', 'itraconazole']",['3']
1737,NCT00101270,"['irinotecan hydrochloride', 'oxaliplatin']",['1']
1738,NCT00073944,['forodesine hydrochloride'],['1']
1739,NCT00008359,"['caspofungin acetate', 'liposomal amphotericin b']",['3']
1741,NCT00058019,['ixabepilone'],['2']
1742,NCT00003938,['liposomal amphotericin b'],['3']
1744,NCT00049296,"['docetaxel', 'thalidomide']",['1']
1746,NCT00045292,"['acyclovir', 'acyclovir sodium', 'valacyclovir']",['3']
1747,NCT00086840,['temsirolimus'],['2']
1749,NCT02228512,"['pomalidomide', 'rituximab', 'prednisone', 'etoposide', 'doxorubicin', 'vincristine', 'cyclophosphamide']","['1', '2']"
1752,NCT00002649,"['cyclophosphamide', 'etoposide']",['3']
1755,NCT01516593,"['induction phase', 'consolidation phase ', 'intensification phase', 'beam conditioning']",['2']
1758,NCT01290120,['chemotherapy-rituximab combination'],['2']
1759,NCT02240719,"['everolimus', 'bendamustine hydrochloride']",['1']
1762,NCT00669877,"['rituximab', 'cyclophosphamide', 'doxorubicin', 'vincristine', 'dexamethasone', 'g-csf', 'cytarabine', 'methotrexate']",['2']
1763,NCT00392834,"['cyclophosphamide', 'cytarabine', 'doxorubicin hydrochloride', 'etoposide', 'ifosfamide', 'leucovorin calcium', 'liposomal cytarabine', 'methotrexate', 'therapeutic hydrocortisone', 'vincristine sulfate']",['2']
1764,NCT00392990,"['regimen a', 'regimen b']",['2']
1765,NCT00217503,"['bortezomib', 'cyclophosphamide', 'doxorubicin hydrochloride', 'etoposide', 'ganciclovir', 'valganciclovir', 'zidovudine']",['2']
1766,NCT00002003,"['mitoxantrone hydrochloride', 'etoposide']",['2']
1767,NCT00002524,"['cisplatin', 'cyclophosphamide', 'cytarabine', 'doxorubicin hydrochloride ', 'etoposide', 'fluorouracil', 'ifosfamide', 'leucovorin calcium', 'methotrexate', 'methylprednisolone', 'pentamidine', 'prednisone', 'trimethoprim-sulfamethoxazole', 'vincristine sulfate', 'zidovudine ']",['2']
1768,NCT00388193,['rituximab'],['2']
1769,NCT00126243,"['rituximab', 'chop']",['2']
1770,NCT00126191,"['rituximab', 'cyclophosphamide', 'doxorubicin', 'vincristine', 'methotrexate', 'leucovorin', 'ifosfamide', 'etoposide', 'cytarabine', 'mesna']",['2']
1771,NCT00024128,"['cyclophosphamide', 'cyclosporine']",['2']
1772,NCT00002571,"['cyclophosphamide', 'cytarabine', 'doxorubicin hydrochloride', 'etoposide', 'leucovorin calcium', 'methotrexate', 'prednisone', 'trimethoprim-sulfamethoxazole', 'vincristine sulfate', 'intrathecal cytarabine']",['2']
1773,NCT00621036,"['methotrexate', 'thiotepa']",['2']
1775,NCT00310128,"['cisplatin', 'cytarabine', 'etoposide', 'methylprednisolone', 'rituximab', 'yttrium y 90 ibritumomab tiuxetan']",['2']
1776,NCT00267865,"['methotrexate', 'rituximab', 'leucovorin']",['2']
1777,NCT00133991,"['cyclophosphamide', 'cytarabine', 'methotrexate', 'prednisone', 'hydrocortisone', 'vincristine', 'leucovorin']",['2']
1778,NCT02443831,"['lymphodepletion with fludarabine', 'lymphodepletion with cyclophosphamide']",['1']
1779,NCT01088763,"['gamma-secretase', 'dexamethasone']",['1']
1780,NCT00005824,"['busulfan', 'cyclophosphamide']",['2']
1782,NCT00871546,"['sch 727965', 'bortezomib']",['2']
1784,NCT00040690,"['cyclophosphamide', 'cytarabine', 'doxorubicin hydrochloride', 'etoposide', 'ifosfamide', 'leucovorin calcium', 'methotrexate', 'vincristine sulfate']",['2']
1785,NCT00039130,"['cyclophosphamide', 'cytarabine', 'dexamethasone', 'doxorubicin hydrochloride', 'etoposide', 'ifosfamide', 'leucovorin calcium', 'methotrexate', 'prednisone', 'vincristine sulfate', 'allopurinol']",['2']
1787,NCT00598624,['treosulfan iv'],['2']
1789,NCT00001563,['epoch'],['2']
1794,NCT02199184,"['ofatumumab', 'etoposide', 'doxorubicin', 'vincristine', 'cyclophosphamide', 'prednisone', 'rituximab', 'pegfilgrastim', 'g-csf']",['2']
1795,NCT01513603,['clag-m'],['2']
1798,NCT00060372,"['ipilimumab', 'therapeutic allogeneic lymphocytes']",['1']
1800,NCT01219816,['epratuzumab'],['2']
1801,NCT00412243,"['clofarabine', 'cyclophosphamide']","['1', '2']"
1802,NCT00363272,['ispinesib'],['1']
1804,NCT01564277,"['rasburicase', 'allopurinol']",['2']
1805,NCT01184885,"['hyper-cvad', 'sirolimus']",['1']
1807,NCT00776373,"['rapamycin', 'high dose etoposide', 'cytarabine']","['1', '2']"
1808,NCT00005811,['topotecan hydrochloride'],['2']
1810,NCT00001379,"['rituxan', 'epoch']",['2']
1812,NCT00702052,['rad001'],['2']
1813,NCT00413075,['oral belinostat'],['1']
1814,NCT00596804,['veltuzumab'],"['1', '2']"
1815,NCT01317901,"['tru-016', 'bendamustine', 'rituximab']",['1']
1817,NCT02144623,['valproate'],['1']
1818,NCT00383994,"['gm-csf', 'rituximab']",['1']
1819,NCT02392039,"['pegfilgrastim', 'loratadine']",['1']
1820,NCT02718755,"['fludarabine', 'cytarabine', 'erwinase']",['2']
1822,NCT02186821,['ceritinib '],['2']
1823,NCT00602693,"['allopurinol', 'fludarabine phosphate', 'cyclophosphamide', 'sirolimus']",['1']
1826,NCT02446457,"['rituximab', 'pembrolizumab', 'lenalidomide']",['2']
1827,NCT02420795,['onc201'],"['1', '2']"
1828,NCT00785330,"['standard gvhd prophylaxis', 'rituximab']",['2']
1829,NCT00244946,"['carmustine', 'cytarabine', 'etoposide', 'melphalan']",['1']
1830,NCT02274506,"['cyclophosphamide', 'fludarabine']",['1']
1831,NCT01998035,"['romidepsin', 'oral 5']","['1', '2']"
1833,NCT01947140,"['pralatrexate', 'romidepsin']","['1', '2']"
1836,NCT00980395,"['rituximab', 'bortezomib', 'cladribine']",['2']
1837,NCT02238522,['zen003365'],['1']
1838,NCT02118311,"['fludarabine', 'cyclophosphamide']",['2']
1839,NCT01353625,['cc-115'],['1']
1842,NCT02431260,['incb054329 monotherapy'],"['1', '2']"
1843,NCT00719849,"['cyclophosphamide', 'cyclosporine', 'fludarabine phosphate', 'mycophenolate mofetil']",['2']
1845,NCT02711137,"['incb057643', 'gemcitabine', 'paclitaxel', 'rucaparib', 'abiraterone', 'ruxolitinib', 'azacitidine']","['1', '2']"
1846,NCT00719472,"['rituximab', 'chop ', 'cvp ', 'analgesic']",['3']
1849,NCT01705847,['gs-9820'],['1']
1851,NCT00742495,['forodesine'],"['1', '2']"
1853,NCT00251394,"['rituxan', '1018 iss']",['2']
1856,NCT01005979,"['lenalidomide', 'rituximab,', 'cyclophosphamide']",['1']
1858,NCT01990534,['brentuximab vedotin'],['4']
1859,NCT01126502,['alvespimycin hydrochloride'],['1']
1861,NCT02556346,['mt-3724'],['1']
1862,NCT01153971,['rituximab'],['2']
1863,NCT00365274,"['cyclophosphamide', 'doxorubicin hydrochloride', 'vincristine sulfate', 'prednisone', 'sgn-30']",['2']
1864,NCT00103779,['sgn-40 '],['1']
1865,NCT00825149,"['bendamustine', 'cyclophosphamide', 'doxorubicin', 'fludarabine', 'obinutuzumab', 'prednisone', 'vincristine']",['1']
1866,NCT01685008,['mor00208 '],['2']
1867,NCT01289223,['bendamustine iv'],['3']
1868,NCT02315118,"['t-cell therapy', 'rituximab', 'il']","['1', '2']"
1869,NCT00724984,['pci-24781'],"['1', '2']"
1871,NCT00377104,['alvocidib'],['1']
1872,NCT01273090,['imetelstat sodium'],['1']
1876,NCT01589302,['ibrutinib'],['2']
1878,NCT01744626,"['cc-292', 'rituximab']",['1']
1880,NCT02488512,['90y-dotatoc'],['2']
1883,NCT00602836,"['cyclophosphamide', 'lenalidomide', 'pentostatin']",['2']
1884,NCT02309515,['lenalidomide'],['2']
1885,NCT02406742,"['cc-122', 'ibrutinib', 'obinutuzumab']","['1', '2']"
1886,NCT00058240,['alvocidib'],"['1', '2']"
1887,NCT00646750,['ybritumomab tiuxetan '],['2']
1888,NCT00385125,"['bendamustine', 'rituximab']",['2']
1891,NCT00049413,"['cyclophosphamide', 'pentostatin']",['2']
1892,NCT02013128,"['ublituximab', 'ibrutinib']","['1', '2']"
1894,NCT01732861,"['cc-292', 'lenalidomide']",['1']
1895,NCT02290951,['regn1979 multiple dose levels'],['1']
1896,NCT00504972,['hll1'],['1']
1897,NCT02006485,"['ublituximab', 'tgr', 'ublituximab', 'tgr', 'ublituximab', 'tgr']",['1']
1898,NCT00151320,"['bortezomib', 'chop', 'rituximab']","['1', '2']"
1899,NCT00398112,['sunitinib malate'],['2']
1902,NCT00816595,"['cyclophosphamide', 'pentostatin']",['2']
1905,NCT01116193,"['lenalidomide', 'dexamethasone']",['2']
1907,NCT01076556,"['alvocidib hydrochloride', 'cyclophosphamide']",['1']
1908,NCT01430390,['cyclophosphamide-based chemotherapy'],['1']
1909,NCT00005977,"['cyclophosphamide', 'cytarabine', 'dexamethasone', 'doxorubicin hydrochloride', 'etoposide', 'ifosfamide', 'leucovorin calcium', 'methotrexate', 'vincristine sulfate']",['3']
1910,NCT02268851,"['tgr-1202', 'ibrutinib']",['1']
1911,NCT01570049,['bendamustine'],['3']
1912,NCT00864942,"['bendamustine', 'lenalidomide', 'bl-nhl', 'blr-cll', 'blr-nhl']",['1']
1913,NCT00003217,"['cyclophosphamide', 'cytarabine', 'dexamethasone', 'doxorubicin hydrochloride', 'methotrexate', 'vincristine sulfate']",['1']
1914,NCT00334438,['bortezomib'],['1']
1916,NCT01403948,['bi 836826'],['1']
1917,NCT00918723,"['fludarabine phosphate', 'cyclophosphamide', 'vorinostat']","['1', '2']"
1920,NCT00735930,"['alvocidib hydrochloride', 'lenalidomide']",['1']
1922,NCT00039351,"['cyclophosphamide', 'prednisone', 'vincristine sulfate']",['2']
1924,NCT00005631,"['carboplatin', 'etoposide', 'ifosfamide']",['2']
1925,NCT00060385,"['chop regimen', 'epoch regimen', 'cyclophosphamide', 'doxorubicin hydrochloride', 'etoposide', 'prednisone', 'vincristine sulfate']","['2', '3']"
1928,NCT02651662,"['regn2810', 'regn1979']",['1']
1929,NCT02456350,"['fludarabine', 'cyclophosphamide']",['1']
1930,NCT00107380,"['cyclophosphamide', 'doxorubicin hydrochloride', 'prednisone', 'vincristine sulfate']",['2']
1933,NCT02328014,"['acp-196', 'acp']","['1', '2']"
1934,NCT00003658,"['cyclophosphamide', 'pentostatin']",['2']
1936,NCT00873457,['perifosine'],['2']
1939,NCT01120457,['bms-936564 '],['1']
1940,NCT00669318,"['pentostatin', 'sargramostim']",['2']
1941,NCT01515176,['dinaciclib'],"['1', '2']"
1942,NCT02662296,"['ibrutinib', 'idelalisib']",['2']
1943,NCT00905398,['nilotinib'],"['1', '2']"
1944,NCT02518750,"['dexamethasone', 'panobinostat', 'liposomal vincristine', 'mitoxantrone', 'peg-asparaginase', 'bortezomib', 'intrathecal triples', 'high-dose methotrexate', '6-mercaptopurine', 'high-dose cytarabine', 'nelarabine', 'cyclophosphamide', 'etoposide', 'clofarabine']",['2']
1945,NCT01212380,['carfilzomib'],['1']
1946,NCT01886859,"['ibrutinib', 'lenalidomide']",['1']
1947,NCT02369653,['apixaban'],['3']
1948,NCT01217749,"['pci-32765', 'ofatumumab']","['1', '2']"
1950,NCT02258529,['idelalisib'],['2']
1951,NCT00500058,"['sb-485232', 'rituximab']",['1']
